<annotation>
	<folder>PCDCol-1920 DisThr</folder>
	<filename>ImgR1-T6-DisThrRGB.jpg</filename>
	<path>C:/Users/pj/Desktop/苹果标记数据/20181126/PCDCol-1920 DisThr/ImgR1-T6-DisThrRGB.jpg</path>
	<source>
		<database>Unknown</database>
	</source>
	<size>
		<width>1920</width>
		<height>1080</height>
		<depth>3</depth>
	</size>
	<segmented>0</segmented>
	<object>
		<name>Apple</name>
		<pose>Unspecified</pose>
		<truncated>0</truncated>
		<difficult>0</difficult>
		<bndbox>
			<xmin>281</xmin>
			<ymin>169</ymin>
			<xmax>364</xmax>
			<ymax>247</ymax>
		</bndbox>
	</object>
	<object>
		<name>Apple</name>
		<pose>Unspecified</pose>
		<truncated>0</truncated>
		<difficult>0</difficult>
		<bndbox>
			<xmin>152</xmin>
			<ymin>287</ymin>
			<xmax>223</xmax>
			<ymax>357</ymax>
		</bndbox>
	</object>
	<object>
		<name>Apple</name>
		<pose>Unspecified</pose>
		<truncated>0</truncated>
		<difficult>0</difficult>
		<bndbox>
			<xmin>283</xmin>
			<ymin>302</ymin>
			<xmax>350</xmax>
			<ymax>360</ymax>
		</bndbox>
	</object>
	<object>
		<name>Apple</name>
		<pose>Unspecified</pose>
		<truncated>0</truncated>
		<difficult>0</difficult>
		<bndbox>
			<xmin>363</xmin>
			<ymin>203</ymin>
			<xmax>435</xmax>
			<ymax>262</ymax>
		</bndbox>
	</object>
	<object>
		<name>Apple</name>
		<pose>Unspecified</pose>
		<truncated>0</truncated>
		<difficult>0</difficult>
		<bndbox>
			<xmin>472</xmin>
			<ymin>179</ymin>
			<xmax>555</xmax>
			<ymax>267</ymax>
		</bndbox>
	</object>
	<object>
		<name>Apple</name>
		<pose>Unspecified</pose>
		<truncated>0</truncated>
		<difficult>0</difficult>
		<bndbox>
			<xmin>426</xmin>
			<ymin>217</ymin>
			<xmax>516</xmax>
			<ymax>295</ymax>
		</bndbox>
	</object>
	<object>
		<name>Apple</name>
		<pose>Unspecified</pose>
		<truncated>0</truncated>
		<difficult>0</difficult>
		<bndbox>
			<xmin>441</xmin>
			<ymin>316</ymin>
			<xmax>503</xmax>
			<ymax>373</ymax>
		</bndbox>
	</object>
	<object>
		<name>Apple</name>
		<pose>Unspecified</pose>
		<truncated>0</truncated>
		<difficult>0</difficult>
		<bndbox>
			<xmin>592</xmin>
			<ymin>286</ymin>
			<xmax>657</xmax>
			<ymax>353</ymax>
		</bndbox>
	</object>
	<object>
		<name>Apple</name>
		<pose>Unspecified</pose>
		<truncated>0</truncated>
		<difficult>0</difficult>
		<bndbox>
			<xmin>534</xmin>
			<ymin>184</ymin>
			<xmax>604</xmax>
			<ymax>252</ymax>
		</bndbox>
	</object>
	<object>
		<name>Apple</name>
		<pose>Unspecified</pose>
		<truncated>0</truncated>
		<difficult>0</difficult>
		<bndbox>
			<xmin>640</xmin>
			<ymin>120</ymin>
			<xmax>714</xmax>
			<ymax>203</ymax>
		</bndbox>
	</object>
	<object>
		<name>Apple</name>
		<pose>Unspecified</pose>
		<truncated>0</truncated>
		<difficult>0</difficult>
		<bndbox>
			<xmin>593</xmin>
			<ymin>169</ymin>
			<xmax>667</xmax>
			<ymax>236</ymax>
		</bndbox>
	</object>
	<object>
		<name>Apple</name>
		<pose>Unspecified</pose>
		<truncated>0</truncated>
		<difficult>0</difficult>
		<bndbox>
			<xmin>747</xmin>
			<ymin>224</ymin>
			<xmax>810</xmax>
			<ymax>287</ymax>
		</bndbox>
	</object>
	<object>
		<name>Apple</name>
		<pose>Unspecified</pose>
		<truncated>0</truncated>
		<difficult>0</difficult>
		<bndbox>
			<xmin>720</xmin>
			<ymin>277</ymin>
			<xmax>791</xmax>
			<ymax>345</ymax>
		</bndbox>
	</object>
	<object>
		<name>Apple</name>
		<pose>Unspecified</pose>
		<truncated>0</truncated>
		<difficult>0</difficult>
		<bndbox>
			<xmin>701</xmin>
			<ymin>330</ymin>
			<xmax>764</xmax>
			<ymax>388</ymax>
		</bndbox>
	</object>
	<object>
		<name>Apple</name>
		<pose>Unspecified</pose>
		<truncated>0</truncated>
		<difficult>0</difficult>
		<bndbox>
			<xmin>969</xmin>
			<ymin>239</ymin>
			<xmax>1028</xmax>
			<ymax>309</ymax>
		</bndbox>
	</object>
	<object>
		<name>Apple</name>
		<pose>Unspecified</pose>
		<truncated>0</truncated>
		<difficult>0</difficult>
		<bndbox>
			<xmin>1230</xmin>
			<ymin>166</ymin>
			<xmax>1301</xmax>
			<ymax>234</ymax>
		</bndbox>
	</object>
	<object>
		<name>Apple</name>
		<pose>Unspecified</pose>
		<truncated>0</truncated>
		<difficult>0</difficult>
		<bndbox>
			<xmin>1301</xmin>
			<ymin>129</ymin>
			<xmax>1368</xmax>
			<ymax>207</ymax>
		</bndbox>
	</object>
	<object>
		<name>Apple</name>
		<pose>Unspecified</pose>
		<truncated>0</truncated>
		<difficult>0</difficult>
		<bndbox>
			<xmin>1176</xmin>
			<ymin>192</ymin>
			<xmax>1234</xmax>
			<ymax>264</ymax>
		</bndbox>
	</object>
	<object>
		<name>Apple</name>
		<pose>Unspecified</pose>
		<truncated>0</truncated>
		<difficult>0</difficult>
		<bndbox>
			<xmin>1576</xmin>
			<ymin>172</ymin>
			<xmax>1653</xmax>
			<ymax>253</ymax>
		</bndbox>
	</object>
	<object>
		<name>Apple</name>
		<pose>Unspecified</pose>
		<truncated>0</truncated>
		<difficult>0</difficult>
		<bndbox>
			<xmin>1523</xmin>
			<ymin>224</ymin>
			<xmax>1597</xmax>
			<ymax>287</ymax>
		</bndbox>
	</object>
	<object>
		<name>Apple</name>
		<pose>Unspecified</pose>
		<truncated>0</truncated>
		<difficult>0</difficult>
		<bndbox>
			<xmin>1412</xmin>
			<ymin>234</ymin>
			<xmax>1487</xmax>
			<ymax>307</ymax>
		</bndbox>
	</object>
	<object>
		<name>Apple</name>
		<pose>Unspecified</pose>
		<truncated>0</truncated>
		<difficult>0</difficult>
		<bndbox>
			<xmin>982</xmin>
			<ymin>454</ymin>
			<xmax>1043</xmax>
			<ymax>509</ymax>
		</bndbox>
	</object>
	<object>
		<name>Apple</name>
		<pose>Unspecified</pose>
		<truncated>0</truncated>
		<difficult>0</difficult>
		<bndbox>
			<xmin>820</xmin>
			<ymin>610</ymin>
			<xmax>883</xmax>
			<ymax>671</ymax>
		</bndbox>
	</object>
	<object>
		<name>Apple</name>
		<pose>Unspecified</pose>
		<truncated>0</truncated>
		<difficult>0</difficult>
		<bndbox>
			<xmin>753</xmin>
			<ymin>614</ymin>
			<xmax>814</xmax>
			<ymax>663</ymax>
		</bndbox>
	</object>
	<object>
		<name>Apple</name>
		<pose>Unspecified</pose>
		<truncated>0</truncated>
		<difficult>0</difficult>
		<bndbox>
			<xmin>1069</xmin>
			<ymin>559</ymin>
			<xmax>1131</xmax>
			<ymax>617</ymax>
		</bndbox>
	</object>
	<object>
		<name>Apple</name>
		<pose>Unspecified</pose>
		<truncated>0</truncated>
		<difficult>0</difficult>
		<bndbox>
			<xmin>543</xmin>
			<ymin>691</ymin>
			<xmax>619</xmax>
			<ymax>767</ymax>
		</bndbox>
	</object>
	<object>
		<name>Apple</name>
		<pose>Unspecified</pose>
		<truncated>0</truncated>
		<difficult>0</difficult>
		<bndbox>
			<xmin>402</xmin>
			<ymin>758</ymin>
			<xmax>468</xmax>
			<ymax>820</ymax>
		</bndbox>
	</object>
	<object>
		<name>Apple</name>
		<pose>Unspecified</pose>
		<truncated>0</truncated>
		<difficult>0</difficult>
		<bndbox>
			<xmin>381</xmin>
			<ymin>803</ymin>
			<xmax>459</xmax>
			<ymax>876</ymax>
		</bndbox>
	</object>
	<object>
		<name>Apple</name>
		<pose>Unspecified</pose>
		<truncated>0</truncated>
		<difficult>0</difficult>
		<bndbox>
			<xmin>493</xmin>
			<ymin>752</ymin>
			<xmax>564</xmax>
			<ymax>828</ymax>
		</bndbox>
	</object>
	<object>
		<name>Apple</name>
		<pose>Unspecified</pose>
		<truncated>0</truncated>
		<difficult>0</difficult>
		<bndbox>
			<xmin>580</xmin>
			<ymin>740</ymin>
			<xmax>653</xmax>
			<ymax>811</ymax>
		</bndbox>
	</object>
	<object>
		<name>Apple</name>
		<pose>Unspecified</pose>
		<truncated>0</truncated>
		<difficult>0</difficult>
		<bndbox>
			<xmin>1183</xmin>
			<ymin>659</ymin>
			<xmax>1248</xmax>
			<ymax>736</ymax>
		</bndbox>
	</object>
	<object>
		<name>Apple</name>
		<pose>Unspecified</pose>
		<truncated>0</truncated>
		<difficult>0</difficult>
		<bndbox>
			<xmin>1134</xmin>
			<ymin>728</ymin>
			<xmax>1197</xmax>
			<ymax>800</ymax>
		</bndbox>
	</object>
	<object>
		<name>Apple</name>
		<pose>Unspecified</pose>
		<truncated>0</truncated>
		<difficult>0</difficult>
		<bndbox>
			<xmin>1019</xmin>
			<ymin>993</ymin>
			<xmax>1091</xmax>
			<ymax>1076</ymax>
		</bndbox>
	</object>
	<object>
		<name>Apple</name>
		<pose>Unspecified</pose>
		<truncated>0</truncated>
		<difficult>0</difficult>
		<bndbox>
			<xmin>1373</xmin>
			<ymin>588</ymin>
			<xmax>1439</xmax>
			<ymax>647</ymax>
		</bndbox>
	</object>
	<object>
		<name>Apple</name>
		<pose>Unspecified</pose>
		<truncated>0</truncated>
		<difficult>0</difficult>
		<bndbox>
			<xmin>1329</xmin>
			<ymin>609</ymin>
			<xmax>1381</xmax>
			<ymax>667</ymax>
		</bndbox>
	</object>
	<object>
		<name>Apple</name>
		<pose>Unspecified</pose>
		<truncated>0</truncated>
		<difficult>0</difficult>
		<bndbox>
			<xmin>1501</xmin>
			<ymin>653</ymin>
			<xmax>1582</xmax>
			<ymax>730</ymax>
		</bndbox>
	</object>
	<object>
		<name>Apple</name>
		<pose>Unspecified</pose>
		<truncated>0</truncated>
		<difficult>0</difficult>
		<bndbox>
			<xmin>1449</xmin>
			<ymin>728</ymin>
			<xmax>1531</xmax>
			<ymax>807</ymax>
		</bndbox>
	</object>
	<object>
		<name>Apple</name>
		<pose>Unspecified</pose>
		<truncated>0</truncated>
		<difficult>0</difficult>
		<bndbox>
			<xmin>1307</xmin>
			<ymin>740</ymin>
			<xmax>1381</xmax>
			<ymax>803</ymax>
		</bndbox>
	</object>
	<object>
		<name>Apple</name>
		<pose>Unspecified</pose>
		<truncated>0</truncated>
		<difficult>0</difficult>
		<bndbox>
			<xmin>1369</xmin>
			<ymin>1010</ymin>
			<xmax>1448</xmax>
			<ymax>1078</ymax>
		</bndbox>
	</object>
</annotation>
