<?xml version="1.0" encoding="utf-8"?>
<annotation>
   <folder>PCDCol-1920 DisThr</folder>
   <filename>horizontal-ImgR1-T6-DisThrRGB.jpg</filename>
   <path>C:/Users/pj/Desktop/苹果标记数据/20181126/PCDCol-1920 DisThr/ImgR1-T6-DisThrRGB.jpg</path>
   <source>
      <database>Unknown</database>
   </source>
   <size>
      <width>1920</width>
      <height>1080</height>
      <depth>3</depth>
   </size>
   <segmented>0</segmented>
   <object>
      <name>Apple</name>
      <pose>Unspecified</pose>
      <truncated>0</truncated>
      <difficult>0</difficult>
      <bndbox>
         <xmin>1639</xmin>
         <ymin>169</ymin>
         <xmax>1556</xmax>
         <ymax>247</ymax>
      </bndbox>
   </object>
   <object>
      <name>Apple</name>
      <pose>Unspecified</pose>
      <truncated>0</truncated>
      <difficult>0</difficult>
      <bndbox>
         <xmin>1768</xmin>
         <ymin>287</ymin>
         <xmax>1697</xmax>
         <ymax>357</ymax>
      </bndbox>
   </object>
   <object>
      <name>Apple</name>
      <pose>Unspecified</pose>
      <truncated>0</truncated>
      <difficult>0</difficult>
      <bndbox>
         <xmin>1637</xmin>
         <ymin>302</ymin>
         <xmax>1570</xmax>
         <ymax>360</ymax>
      </bndbox>
   </object>
   <object>
      <name>Apple</name>
      <pose>Unspecified</pose>
      <truncated>0</truncated>
      <difficult>0</difficult>
      <bndbox>
         <xmin>1557</xmin>
         <ymin>203</ymin>
         <xmax>1485</xmax>
         <ymax>262</ymax>
      </bndbox>
   </object>
   <object>
      <name>Apple</name>
      <pose>Unspecified</pose>
      <truncated>0</truncated>
      <difficult>0</difficult>
      <bndbox>
         <xmin>1448</xmin>
         <ymin>179</ymin>
         <xmax>1365</xmax>
         <ymax>267</ymax>
      </bndbox>
   </object>
   <object>
      <name>Apple</name>
      <pose>Unspecified</pose>
      <truncated>0</truncated>
      <difficult>0</difficult>
      <bndbox>
         <xmin>1494</xmin>
         <ymin>217</ymin>
         <xmax>1404</xmax>
         <ymax>295</ymax>
      </bndbox>
   </object>
   <object>
      <name>Apple</name>
      <pose>Unspecified</pose>
      <truncated>0</truncated>
      <difficult>0</difficult>
      <bndbox>
         <xmin>1479</xmin>
         <ymin>316</ymin>
         <xmax>1417</xmax>
         <ymax>373</ymax>
      </bndbox>
   </object>
   <object>
      <name>Apple</name>
      <pose>Unspecified</pose>
      <truncated>0</truncated>
      <difficult>0</difficult>
      <bndbox>
         <xmin>1328</xmin>
         <ymin>286</ymin>
         <xmax>1263</xmax>
         <ymax>353</ymax>
      </bndbox>
   </object>
   <object>
      <name>Apple</name>
      <pose>Unspecified</pose>
      <truncated>0</truncated>
      <difficult>0</difficult>
      <bndbox>
         <xmin>1386</xmin>
         <ymin>184</ymin>
         <xmax>1316</xmax>
         <ymax>252</ymax>
      </bndbox>
   </object>
   <object>
      <name>Apple</name>
      <pose>Unspecified</pose>
      <truncated>0</truncated>
      <difficult>0</difficult>
      <bndbox>
         <xmin>1280</xmin>
         <ymin>120</ymin>
         <xmax>1206</xmax>
         <ymax>203</ymax>
      </bndbox>
   </object>
   <object>
      <name>Apple</name>
      <pose>Unspecified</pose>
      <truncated>0</truncated>
      <difficult>0</difficult>
      <bndbox>
         <xmin>1327</xmin>
         <ymin>169</ymin>
         <xmax>1253</xmax>
         <ymax>236</ymax>
      </bndbox>
   </object>
   <object>
      <name>Apple</name>
      <pose>Unspecified</pose>
      <truncated>0</truncated>
      <difficult>0</difficult>
      <bndbox>
         <xmin>1173</xmin>
         <ymin>224</ymin>
         <xmax>1110</xmax>
         <ymax>287</ymax>
      </bndbox>
   </object>
   <object>
      <name>Apple</name>
      <pose>Unspecified</pose>
      <truncated>0</truncated>
      <difficult>0</difficult>
      <bndbox>
         <xmin>1200</xmin>
         <ymin>277</ymin>
         <xmax>1129</xmax>
         <ymax>345</ymax>
      </bndbox>
   </object>
   <object>
      <name>Apple</name>
      <pose>Unspecified</pose>
      <truncated>0</truncated>
      <difficult>0</difficult>
      <bndbox>
         <xmin>1219</xmin>
         <ymin>330</ymin>
         <xmax>1156</xmax>
         <ymax>388</ymax>
      </bndbox>
   </object>
   <object>
      <name>Apple</name>
      <pose>Unspecified</pose>
      <truncated>0</truncated>
      <difficult>0</difficult>
      <bndbox>
         <xmin>951</xmin>
         <ymin>239</ymin>
         <xmax>892</xmax>
         <ymax>309</ymax>
      </bndbox>
   </object>
   <object>
      <name>Apple</name>
      <pose>Unspecified</pose>
      <truncated>0</truncated>
      <difficult>0</difficult>
      <bndbox>
         <xmin>690</xmin>
         <ymin>166</ymin>
         <xmax>619</xmax>
         <ymax>234</ymax>
      </bndbox>
   </object>
   <object>
      <name>Apple</name>
      <pose>Unspecified</pose>
      <truncated>0</truncated>
      <difficult>0</difficult>
      <bndbox>
         <xmin>619</xmin>
         <ymin>129</ymin>
         <xmax>552</xmax>
         <ymax>207</ymax>
      </bndbox>
   </object>
   <object>
      <name>Apple</name>
      <pose>Unspecified</pose>
      <truncated>0</truncated>
      <difficult>0</difficult>
      <bndbox>
         <xmin>744</xmin>
         <ymin>192</ymin>
         <xmax>686</xmax>
         <ymax>264</ymax>
      </bndbox>
   </object>
   <object>
      <name>Apple</name>
      <pose>Unspecified</pose>
      <truncated>0</truncated>
      <difficult>0</difficult>
      <bndbox>
         <xmin>344</xmin>
         <ymin>172</ymin>
         <xmax>267</xmax>
         <ymax>253</ymax>
      </bndbox>
   </object>
   <object>
      <name>Apple</name>
      <pose>Unspecified</pose>
      <truncated>0</truncated>
      <difficult>0</difficult>
      <bndbox>
         <xmin>397</xmin>
         <ymin>224</ymin>
         <xmax>323</xmax>
         <ymax>287</ymax>
      </bndbox>
   </object>
   <object>
      <name>Apple</name>
      <pose>Unspecified</pose>
      <truncated>0</truncated>
      <difficult>0</difficult>
      <bndbox>
         <xmin>508</xmin>
         <ymin>234</ymin>
         <xmax>433</xmax>
         <ymax>307</ymax>
      </bndbox>
   </object>
   <object>
      <name>Apple</name>
      <pose>Unspecified</pose>
      <truncated>0</truncated>
      <difficult>0</difficult>
      <bndbox>
         <xmin>938</xmin>
         <ymin>454</ymin>
         <xmax>877</xmax>
         <ymax>509</ymax>
      </bndbox>
   </object>
   <object>
      <name>Apple</name>
      <pose>Unspecified</pose>
      <truncated>0</truncated>
      <difficult>0</difficult>
      <bndbox>
         <xmin>1100</xmin>
         <ymin>610</ymin>
         <xmax>1037</xmax>
         <ymax>671</ymax>
      </bndbox>
   </object>
   <object>
      <name>Apple</name>
      <pose>Unspecified</pose>
      <truncated>0</truncated>
      <difficult>0</difficult>
      <bndbox>
         <xmin>1167</xmin>
         <ymin>614</ymin>
         <xmax>1106</xmax>
         <ymax>663</ymax>
      </bndbox>
   </object>
   <object>
      <name>Apple</name>
      <pose>Unspecified</pose>
      <truncated>0</truncated>
      <difficult>0</difficult>
      <bndbox>
         <xmin>851</xmin>
         <ymin>559</ymin>
         <xmax>789</xmax>
         <ymax>617</ymax>
      </bndbox>
   </object>
   <object>
      <name>Apple</name>
      <pose>Unspecified</pose>
      <truncated>0</truncated>
      <difficult>0</difficult>
      <bndbox>
         <xmin>1377</xmin>
         <ymin>691</ymin>
         <xmax>1301</xmax>
         <ymax>767</ymax>
      </bndbox>
   </object>
   <object>
      <name>Apple</name>
      <pose>Unspecified</pose>
      <truncated>0</truncated>
      <difficult>0</difficult>
      <bndbox>
         <xmin>1518</xmin>
         <ymin>758</ymin>
         <xmax>1452</xmax>
         <ymax>820</ymax>
      </bndbox>
   </object>
   <object>
      <name>Apple</name>
      <pose>Unspecified</pose>
      <truncated>0</truncated>
      <difficult>0</difficult>
      <bndbox>
         <xmin>1539</xmin>
         <ymin>803</ymin>
         <xmax>1461</xmax>
         <ymax>876</ymax>
      </bndbox>
   </object>
   <object>
      <name>Apple</name>
      <pose>Unspecified</pose>
      <truncated>0</truncated>
      <difficult>0</difficult>
      <bndbox>
         <xmin>1427</xmin>
         <ymin>752</ymin>
         <xmax>1356</xmax>
         <ymax>828</ymax>
      </bndbox>
   </object>
   <object>
      <name>Apple</name>
      <pose>Unspecified</pose>
      <truncated>0</truncated>
      <difficult>0</difficult>
      <bndbox>
         <xmin>1340</xmin>
         <ymin>740</ymin>
         <xmax>1267</xmax>
         <ymax>811</ymax>
      </bndbox>
   </object>
   <object>
      <name>Apple</name>
      <pose>Unspecified</pose>
      <truncated>0</truncated>
      <difficult>0</difficult>
      <bndbox>
         <xmin>737</xmin>
         <ymin>659</ymin>
         <xmax>672</xmax>
         <ymax>736</ymax>
      </bndbox>
   </object>
   <object>
      <name>Apple</name>
      <pose>Unspecified</pose>
      <truncated>0</truncated>
      <difficult>0</difficult>
      <bndbox>
         <xmin>786</xmin>
         <ymin>728</ymin>
         <xmax>723</xmax>
         <ymax>800</ymax>
      </bndbox>
   </object>
   <object>
      <name>Apple</name>
      <pose>Unspecified</pose>
      <truncated>0</truncated>
      <difficult>0</difficult>
      <bndbox>
         <xmin>901</xmin>
         <ymin>993</ymin>
         <xmax>829</xmax>
         <ymax>1076</ymax>
      </bndbox>
   </object>
   <object>
      <name>Apple</name>
      <pose>Unspecified</pose>
      <truncated>0</truncated>
      <difficult>0</difficult>
      <bndbox>
         <xmin>547</xmin>
         <ymin>588</ymin>
         <xmax>481</xmax>
         <ymax>647</ymax>
      </bndbox>
   </object>
   <object>
      <name>Apple</name>
      <pose>Unspecified</pose>
      <truncated>0</truncated>
      <difficult>0</difficult>
      <bndbox>
         <xmin>591</xmin>
         <ymin>609</ymin>
         <xmax>539</xmax>
         <ymax>667</ymax>
      </bndbox>
   </object>
   <object>
      <name>Apple</name>
      <pose>Unspecified</pose>
      <truncated>0</truncated>
      <difficult>0</difficult>
      <bndbox>
         <xmin>419</xmin>
         <ymin>653</ymin>
         <xmax>338</xmax>
         <ymax>730</ymax>
      </bndbox>
   </object>
   <object>
      <name>Apple</name>
      <pose>Unspecified</pose>
      <truncated>0</truncated>
      <difficult>0</difficult>
      <bndbox>
         <xmin>471</xmin>
         <ymin>728</ymin>
         <xmax>389</xmax>
         <ymax>807</ymax>
      </bndbox>
   </object>
   <object>
      <name>Apple</name>
      <pose>Unspecified</pose>
      <truncated>0</truncated>
      <difficult>0</difficult>
      <bndbox>
         <xmin>613</xmin>
         <ymin>740</ymin>
         <xmax>539</xmax>
         <ymax>803</ymax>
      </bndbox>
   </object>
   <object>
      <name>Apple</name>
      <pose>Unspecified</pose>
      <truncated>0</truncated>
      <difficult>0</difficult>
      <bndbox>
         <xmin>551</xmin>
         <ymin>1010</ymin>
         <xmax>472</xmax>
         <ymax>1078</ymax>
      </bndbox>
   </object>
</annotation>