<annotation>
	<folder>PCDCol-1920 DisThr</folder>
	<filename>ImgR1-T36-DisThrRGB.jpg</filename>
	<path>C:/Users/pj/Desktop/苹果标记数据/20181126/PCDCol-1920 DisThr/ImgR1-T36-DisThrRGB.jpg</path>
	<source>
		<database>Unknown</database>
	</source>
	<size>
		<width>1920</width>
		<height>1080</height>
		<depth>3</depth>
	</size>
	<segmented>0</segmented>
	<object>
		<name>Apple</name>
		<pose>Unspecified</pose>
		<truncated>0</truncated>
		<difficult>0</difficult>
		<bndbox>
			<xmin>220</xmin>
			<ymin>268</ymin>
			<xmax>305</xmax>
			<ymax>343</ymax>
		</bndbox>
	</object>
	<object>
		<name>Apple</name>
		<pose>Unspecified</pose>
		<truncated>0</truncated>
		<difficult>0</difficult>
		<bndbox>
			<xmin>421</xmin>
			<ymin>112</ymin>
			<xmax>496</xmax>
			<ymax>176</ymax>
		</bndbox>
	</object>
	<object>
		<name>Apple</name>
		<pose>Unspecified</pose>
		<truncated>0</truncated>
		<difficult>0</difficult>
		<bndbox>
			<xmin>415</xmin>
			<ymin>224</ymin>
			<xmax>504</xmax>
			<ymax>311</ymax>
		</bndbox>
	</object>
	<object>
		<name>Apple</name>
		<pose>Unspecified</pose>
		<truncated>0</truncated>
		<difficult>0</difficult>
		<bndbox>
			<xmin>380</xmin>
			<ymin>272</ymin>
			<xmax>457</xmax>
			<ymax>352</ymax>
		</bndbox>
	</object>
	<object>
		<name>Apple</name>
		<pose>Unspecified</pose>
		<truncated>0</truncated>
		<difficult>0</difficult>
		<bndbox>
			<xmin>687</xmin>
			<ymin>150</ymin>
			<xmax>778</xmax>
			<ymax>236</ymax>
		</bndbox>
	</object>
	<object>
		<name>Apple</name>
		<pose>Unspecified</pose>
		<truncated>1</truncated>
		<difficult>0</difficult>
		<bndbox>
			<xmin>1010</xmin>
			<ymin>1</ymin>
			<xmax>1093</xmax>
			<ymax>74</ymax>
		</bndbox>
	</object>
	<object>
		<name>Apple</name>
		<pose>Unspecified</pose>
		<truncated>0</truncated>
		<difficult>0</difficult>
		<bndbox>
			<xmin>1011</xmin>
			<ymin>91</ymin>
			<xmax>1083</xmax>
			<ymax>168</ymax>
		</bndbox>
	</object>
	<object>
		<name>Apple</name>
		<pose>Unspecified</pose>
		<truncated>0</truncated>
		<difficult>0</difficult>
		<bndbox>
			<xmin>1011</xmin>
			<ymin>217</ymin>
			<xmax>1081</xmax>
			<ymax>292</ymax>
		</bndbox>
	</object>
	<object>
		<name>Apple</name>
		<pose>Unspecified</pose>
		<truncated>0</truncated>
		<difficult>0</difficult>
		<bndbox>
			<xmin>964</xmin>
			<ymin>282</ymin>
			<xmax>1037</xmax>
			<ymax>366</ymax>
		</bndbox>
	</object>
	<object>
		<name>Apple</name>
		<pose>Unspecified</pose>
		<truncated>0</truncated>
		<difficult>0</difficult>
		<bndbox>
			<xmin>766</xmin>
			<ymin>481</ymin>
			<xmax>837</xmax>
			<ymax>552</ymax>
		</bndbox>
	</object>
	<object>
		<name>Apple</name>
		<pose>Unspecified</pose>
		<truncated>0</truncated>
		<difficult>0</difficult>
		<bndbox>
			<xmin>619</xmin>
			<ymin>497</ymin>
			<xmax>685</xmax>
			<ymax>557</ymax>
		</bndbox>
	</object>
	<object>
		<name>Apple</name>
		<pose>Unspecified</pose>
		<truncated>0</truncated>
		<difficult>0</difficult>
		<bndbox>
			<xmin>714</xmin>
			<ymin>477</ymin>
			<xmax>769</xmax>
			<ymax>545</ymax>
		</bndbox>
	</object>
	<object>
		<name>Apple</name>
		<pose>Unspecified</pose>
		<truncated>0</truncated>
		<difficult>0</difficult>
		<bndbox>
			<xmin>290</xmin>
			<ymin>757</ymin>
			<xmax>378</xmax>
			<ymax>840</ymax>
		</bndbox>
	</object>
	<object>
		<name>Apple</name>
		<pose>Unspecified</pose>
		<truncated>0</truncated>
		<difficult>0</difficult>
		<bndbox>
			<xmin>976</xmin>
			<ymin>540</ymin>
			<xmax>1052</xmax>
			<ymax>621</ymax>
		</bndbox>
	</object>
	<object>
		<name>Apple</name>
		<pose>Unspecified</pose>
		<truncated>0</truncated>
		<difficult>0</difficult>
		<bndbox>
			<xmin>885</xmin>
			<ymin>877</ymin>
			<xmax>967</xmax>
			<ymax>977</ymax>
		</bndbox>
	</object>
	<object>
		<name>Apple</name>
		<pose>Unspecified</pose>
		<truncated>0</truncated>
		<difficult>0</difficult>
		<bndbox>
			<xmin>907</xmin>
			<ymin>955</ymin>
			<xmax>988</xmax>
			<ymax>1030</ymax>
		</bndbox>
	</object>
	<object>
		<name>Apple</name>
		<pose>Unspecified</pose>
		<truncated>0</truncated>
		<difficult>0</difficult>
		<bndbox>
			<xmin>1424</xmin>
			<ymin>11</ymin>
			<xmax>1501</xmax>
			<ymax>90</ymax>
		</bndbox>
	</object>
	<object>
		<name>Apple</name>
		<pose>Unspecified</pose>
		<truncated>0</truncated>
		<difficult>0</difficult>
		<bndbox>
			<xmin>1266</xmin>
			<ymin>220</ymin>
			<xmax>1333</xmax>
			<ymax>290</ymax>
		</bndbox>
	</object>
	<object>
		<name>Apple</name>
		<pose>Unspecified</pose>
		<truncated>0</truncated>
		<difficult>0</difficult>
		<bndbox>
			<xmin>1354</xmin>
			<ymin>250</ymin>
			<xmax>1429</xmax>
			<ymax>309</ymax>
		</bndbox>
	</object>
	<object>
		<name>Apple</name>
		<pose>Unspecified</pose>
		<truncated>0</truncated>
		<difficult>0</difficult>
		<bndbox>
			<xmin>1539</xmin>
			<ymin>206</ymin>
			<xmax>1611</xmax>
			<ymax>283</ymax>
		</bndbox>
	</object>
	<object>
		<name>Apple</name>
		<pose>Unspecified</pose>
		<truncated>0</truncated>
		<difficult>0</difficult>
		<bndbox>
			<xmin>1601</xmin>
			<ymin>287</ymin>
			<xmax>1663</xmax>
			<ymax>368</ymax>
		</bndbox>
	</object>
	<object>
		<name>Apple</name>
		<pose>Unspecified</pose>
		<truncated>0</truncated>
		<difficult>0</difficult>
		<bndbox>
			<xmin>1525</xmin>
			<ymin>336</ymin>
			<xmax>1583</xmax>
			<ymax>410</ymax>
		</bndbox>
	</object>
	<object>
		<name>Apple</name>
		<pose>Unspecified</pose>
		<truncated>0</truncated>
		<difficult>0</difficult>
		<bndbox>
			<xmin>1237</xmin>
			<ymin>528</ymin>
			<xmax>1302</xmax>
			<ymax>597</ymax>
		</bndbox>
	</object>
	<object>
		<name>Apple</name>
		<pose>Unspecified</pose>
		<truncated>0</truncated>
		<difficult>0</difficult>
		<bndbox>
			<xmin>1464</xmin>
			<ymin>657</ymin>
			<xmax>1555</xmax>
			<ymax>733</ymax>
		</bndbox>
	</object>
	<object>
		<name>Apple</name>
		<pose>Unspecified</pose>
		<truncated>0</truncated>
		<difficult>0</difficult>
		<bndbox>
			<xmin>1557</xmin>
			<ymin>649</ymin>
			<xmax>1616</xmax>
			<ymax>715</ymax>
		</bndbox>
	</object>
</annotation>
