<?xml version="1.0" encoding="utf-8"?>
<annotation>
   <folder>PCDCol-1920 DisThr</folder>
   <filename>horizontal-ImgR1-T34-DisThrRGB.jpg</filename>
   <path>C:/Users/pj/Desktop/苹果标记数据/20181126/PCDCol-1920 DisThr/ImgR1-T34-DisThrRGB.jpg</path>
   <source>
      <database>Unknown</database>
   </source>
   <size>
      <width>1920</width>
      <height>1080</height>
      <depth>3</depth>
   </size>
   <segmented>0</segmented>
   <object>
      <name>Apple</name>
      <pose>Unspecified</pose>
      <truncated>0</truncated>
      <difficult>0</difficult>
      <bndbox>
         <xmin>1689</xmin>
         <ymin>166</ymin>
         <xmax>1605</xmax>
         <ymax>243</ymax>
      </bndbox>
   </object>
   <object>
      <name>Apple</name>
      <pose>Unspecified</pose>
      <truncated>0</truncated>
      <difficult>0</difficult>
      <bndbox>
         <xmin>1657</xmin>
         <ymin>245</ymin>
         <xmax>1589</xmax>
         <ymax>330</ymax>
      </bndbox>
   </object>
   <object>
      <name>Apple</name>
      <pose>Unspecified</pose>
      <truncated>0</truncated>
      <difficult>0</difficult>
      <bndbox>
         <xmin>1582</xmin>
         <ymin>378</ymin>
         <xmax>1510</xmax>
         <ymax>444</ymax>
      </bndbox>
   </object>
   <object>
      <name>Apple</name>
      <pose>Unspecified</pose>
      <truncated>0</truncated>
      <difficult>0</difficult>
      <bndbox>
         <xmin>1638</xmin>
         <ymin>363</ymin>
         <xmax>1572</xmax>
         <ymax>434</ymax>
      </bndbox>
   </object>
   <object>
      <name>Apple</name>
      <pose>Unspecified</pose>
      <truncated>0</truncated>
      <difficult>0</difficult>
      <bndbox>
         <xmin>1683</xmin>
         <ymin>329</ymin>
         <xmax>1606</xmax>
         <ymax>405</ymax>
      </bndbox>
   </object>
   <object>
      <name>Apple</name>
      <pose>Unspecified</pose>
      <truncated>0</truncated>
      <difficult>0</difficult>
      <bndbox>
         <xmin>1529</xmin>
         <ymin>273</ymin>
         <xmax>1459</xmax>
         <ymax>340</ymax>
      </bndbox>
   </object>
   <object>
      <name>Apple</name>
      <pose>Unspecified</pose>
      <truncated>0</truncated>
      <difficult>0</difficult>
      <bndbox>
         <xmin>1489</xmin>
         <ymin>179</ymin>
         <xmax>1413</xmax>
         <ymax>247</ymax>
      </bndbox>
   </object>
   <object>
      <name>Apple</name>
      <pose>Unspecified</pose>
      <truncated>0</truncated>
      <difficult>0</difficult>
      <bndbox>
         <xmin>1327</xmin>
         <ymin>155</ymin>
         <xmax>1244</xmax>
         <ymax>240</ymax>
      </bndbox>
   </object>
   <object>
      <name>Apple</name>
      <pose>Unspecified</pose>
      <truncated>0</truncated>
      <difficult>0</difficult>
      <bndbox>
         <xmin>1249</xmin>
         <ymin>150</ymin>
         <xmax>1178</xmax>
         <ymax>231</ymax>
      </bndbox>
   </object>
   <object>
      <name>Apple</name>
      <pose>Unspecified</pose>
      <truncated>0</truncated>
      <difficult>0</difficult>
      <bndbox>
         <xmin>876</xmin>
         <ymin>9</ymin>
         <xmax>825</xmax>
         <ymax>69</ymax>
      </bndbox>
   </object>
   <object>
      <name>Apple</name>
      <pose>Unspecified</pose>
      <truncated>0</truncated>
      <difficult>0</difficult>
      <bndbox>
         <xmin>980</xmin>
         <ymin>152</ymin>
         <xmax>911</xmax>
         <ymax>228</ymax>
      </bndbox>
   </object>
   <object>
      <name>Apple</name>
      <pose>Unspecified</pose>
      <truncated>0</truncated>
      <difficult>0</difficult>
      <bndbox>
         <xmin>739</xmin>
         <ymin>133</ymin>
         <xmax>673</xmax>
         <ymax>207</ymax>
      </bndbox>
   </object>
   <object>
      <name>Apple</name>
      <pose>Unspecified</pose>
      <truncated>0</truncated>
      <difficult>0</difficult>
      <bndbox>
         <xmin>702</xmin>
         <ymin>190</ymin>
         <xmax>642</xmax>
         <ymax>252</ymax>
      </bndbox>
   </object>
   <object>
      <name>Apple</name>
      <pose>Unspecified</pose>
      <truncated>0</truncated>
      <difficult>0</difficult>
      <bndbox>
         <xmin>348</xmin>
         <ymin>115</ymin>
         <xmax>257</xmax>
         <ymax>205</ymax>
      </bndbox>
   </object>
   <object>
      <name>Apple</name>
      <pose>Unspecified</pose>
      <truncated>0</truncated>
      <difficult>0</difficult>
      <bndbox>
         <xmin>358</xmin>
         <ymin>325</ymin>
         <xmax>289</xmax>
         <ymax>395</ymax>
      </bndbox>
   </object>
   <object>
      <name>Apple</name>
      <pose>Unspecified</pose>
      <truncated>0</truncated>
      <difficult>0</difficult>
      <bndbox>
         <xmin>578</xmin>
         <ymin>296</ymin>
         <xmax>508</xmax>
         <ymax>357</ymax>
      </bndbox>
   </object>
   <object>
      <name>Apple</name>
      <pose>Unspecified</pose>
      <truncated>0</truncated>
      <difficult>0</difficult>
      <bndbox>
         <xmin>672</xmin>
         <ymin>382</ymin>
         <xmax>608</xmax>
         <ymax>448</ymax>
      </bndbox>
   </object>
   <object>
      <name>Apple</name>
      <pose>Unspecified</pose>
      <truncated>0</truncated>
      <difficult>0</difficult>
      <bndbox>
         <xmin>854</xmin>
         <ymin>235</ymin>
         <xmax>789</xmax>
         <ymax>309</ymax>
      </bndbox>
   </object>
   <object>
      <name>Apple</name>
      <pose>Unspecified</pose>
      <truncated>0</truncated>
      <difficult>0</difficult>
      <bndbox>
         <xmin>980</xmin>
         <ymin>234</ymin>
         <xmax>916</xmax>
         <ymax>300</ymax>
      </bndbox>
   </object>
   <object>
      <name>Apple</name>
      <pose>Unspecified</pose>
      <truncated>0</truncated>
      <difficult>0</difficult>
      <bndbox>
         <xmin>1047</xmin>
         <ymin>264</ymin>
         <xmax>992</xmax>
         <ymax>317</ymax>
      </bndbox>
   </object>
   <object>
      <name>Apple</name>
      <pose>Unspecified</pose>
      <truncated>0</truncated>
      <difficult>0</difficult>
      <bndbox>
         <xmin>1148</xmin>
         <ymin>373</ymin>
         <xmax>1077</xmax>
         <ymax>445</ymax>
      </bndbox>
   </object>
   <object>
      <name>Apple</name>
      <pose>Unspecified</pose>
      <truncated>0</truncated>
      <difficult>0</difficult>
      <bndbox>
         <xmin>1590</xmin>
         <ymin>557</ymin>
         <xmax>1513</xmax>
         <ymax>633</ymax>
      </bndbox>
   </object>
   <object>
      <name>Apple</name>
      <pose>Unspecified</pose>
      <truncated>0</truncated>
      <difficult>0</difficult>
      <bndbox>
         <xmin>1390</xmin>
         <ymin>555</ymin>
         <xmax>1305</xmax>
         <ymax>635</ymax>
      </bndbox>
   </object>
   <object>
      <name>Apple</name>
      <pose>Unspecified</pose>
      <truncated>0</truncated>
      <difficult>0</difficult>
      <bndbox>
         <xmin>1285</xmin>
         <ymin>633</ymin>
         <xmax>1202</xmax>
         <ymax>711</ymax>
      </bndbox>
   </object>
   <object>
      <name>Apple</name>
      <pose>Unspecified</pose>
      <truncated>0</truncated>
      <difficult>0</difficult>
      <bndbox>
         <xmin>1567</xmin>
         <ymin>643</ymin>
         <xmax>1485</xmax>
         <ymax>725</ymax>
      </bndbox>
   </object>
   <object>
      <name>Apple</name>
      <pose>Unspecified</pose>
      <truncated>0</truncated>
      <difficult>0</difficult>
      <bndbox>
         <xmin>1394</xmin>
         <ymin>671</ymin>
         <xmax>1323</xmax>
         <ymax>741</ymax>
      </bndbox>
   </object>
   <object>
      <name>Apple</name>
      <pose>Unspecified</pose>
      <truncated>0</truncated>
      <difficult>0</difficult>
      <bndbox>
         <xmin>1335</xmin>
         <ymin>729</ymin>
         <xmax>1247</xmax>
         <ymax>805</ymax>
      </bndbox>
   </object>
   <object>
      <name>Apple</name>
      <pose>Unspecified</pose>
      <truncated>0</truncated>
      <difficult>0</difficult>
      <bndbox>
         <xmin>1696</xmin>
         <ymin>838</ymin>
         <xmax>1604</xmax>
         <ymax>910</ymax>
      </bndbox>
   </object>
   <object>
      <name>Apple</name>
      <pose>Unspecified</pose>
      <truncated>0</truncated>
      <difficult>0</difficult>
      <bndbox>
         <xmin>1609</xmin>
         <ymin>979</ymin>
         <xmax>1523</xmax>
         <ymax>1055</ymax>
      </bndbox>
   </object>
   <object>
      <name>Apple</name>
      <pose>Unspecified</pose>
      <truncated>0</truncated>
      <difficult>0</difficult>
      <bndbox>
         <xmin>1352</xmin>
         <ymin>973</ymin>
         <xmax>1289</xmax>
         <ymax>1031</ymax>
      </bndbox>
   </object>
   <object>
      <name>Apple</name>
      <pose>Unspecified</pose>
      <truncated>0</truncated>
      <difficult>0</difficult>
      <bndbox>
         <xmin>927</xmin>
         <ymin>581</ymin>
         <xmax>858</xmax>
         <ymax>655</ymax>
      </bndbox>
   </object>
   <object>
      <name>Apple</name>
      <pose>Unspecified</pose>
      <truncated>0</truncated>
      <difficult>0</difficult>
      <bndbox>
         <xmin>892</xmin>
         <ymin>644</ymin>
         <xmax>834</xmax>
         <ymax>700</ymax>
      </bndbox>
   </object>
   <object>
      <name>Apple</name>
      <pose>Unspecified</pose>
      <truncated>0</truncated>
      <difficult>0</difficult>
      <bndbox>
         <xmin>705</xmin>
         <ymin>572</ymin>
         <xmax>635</xmax>
         <ymax>636</ymax>
      </bndbox>
   </object>
   <object>
      <name>Apple</name>
      <pose>Unspecified</pose>
      <truncated>0</truncated>
      <difficult>0</difficult>
      <bndbox>
         <xmin>700</xmin>
         <ymin>544</ymin>
         <xmax>635</xmax>
         <ymax>587</ymax>
      </bndbox>
   </object>
   <object>
      <name>Apple</name>
      <pose>Unspecified</pose>
      <truncated>0</truncated>
      <difficult>0</difficult>
      <bndbox>
         <xmin>510</xmin>
         <ymin>633</ymin>
         <xmax>440</xmax>
         <ymax>698</ymax>
      </bndbox>
   </object>
   <object>
      <name>Apple</name>
      <pose>Unspecified</pose>
      <truncated>0</truncated>
      <difficult>0</difficult>
      <bndbox>
         <xmin>608</xmin>
         <ymin>640</ymin>
         <xmax>530</xmax>
         <ymax>715</ymax>
      </bndbox>
   </object>
   <object>
      <name>Apple</name>
      <pose>Unspecified</pose>
      <truncated>0</truncated>
      <difficult>0</difficult>
      <bndbox>
         <xmin>721</xmin>
         <ymin>653</ymin>
         <xmax>640</xmax>
         <ymax>726</ymax>
      </bndbox>
   </object>
   <object>
      <name>Apple</name>
      <pose>Unspecified</pose>
      <truncated>0</truncated>
      <difficult>0</difficult>
      <bndbox>
         <xmin>395</xmin>
         <ymin>715</ymin>
         <xmax>325</xmax>
         <ymax>788</ymax>
      </bndbox>
   </object>
   <object>
      <name>Apple</name>
      <pose>Unspecified</pose>
      <truncated>0</truncated>
      <difficult>0</difficult>
      <bndbox>
         <xmin>648</xmin>
         <ymin>758</ymin>
         <xmax>568</xmax>
         <ymax>841</ymax>
      </bndbox>
   </object>
   <object>
      <name>Apple</name>
      <pose>Unspecified</pose>
      <truncated>0</truncated>
      <difficult>0</difficult>
      <bndbox>
         <xmin>581</xmin>
         <ymin>809</ymin>
         <xmax>487</xmax>
         <ymax>902</ymax>
      </bndbox>
   </object>
   <object>
      <name>Apple</name>
      <pose>Unspecified</pose>
      <truncated>0</truncated>
      <difficult>0</difficult>
      <bndbox>
         <xmin>421</xmin>
         <ymin>991</ymin>
         <xmax>349</xmax>
         <ymax>1057</ymax>
      </bndbox>
   </object>
   <object>
      <name>Apple</name>
      <pose>Unspecified</pose>
      <truncated>0</truncated>
      <difficult>0</difficult>
      <bndbox>
         <xmin>938</xmin>
         <ymin>886</ymin>
         <xmax>862</xmax>
         <ymax>981</ymax>
      </bndbox>
   </object>
   <object>
      <name>Apple</name>
      <pose>Unspecified</pose>
      <truncated>0</truncated>
      <difficult>0</difficult>
      <bndbox>
         <xmin>867</xmin>
         <ymin>858</ymin>
         <xmax>797</xmax>
         <ymax>950</ymax>
      </bndbox>
   </object>
   <object>
      <name>Apple</name>
      <pose>Unspecified</pose>
      <truncated>0</truncated>
      <difficult>0</difficult>
      <bndbox>
         <xmin>813</xmin>
         <ymin>983</ymin>
         <xmax>739</xmax>
         <ymax>1076</ymax>
      </bndbox>
   </object>
</annotation>