<?xml version="1.0" encoding="utf-8"?>
<annotation>
   <folder>PCDCol-1920 DisThr</folder>
   <filename>horizontal-ImgR1-T2-DisThrRGB.jpg</filename>
   <path>C:/Users/pj/Desktop/苹果标记数据/20181126/PCDCol-1920 DisThr/ImgR1-T2-DisThrRGB.jpg</path>
   <source>
      <database>Unknown</database>
   </source>
   <size>
      <width>1920</width>
      <height>1080</height>
      <depth>3</depth>
   </size>
   <segmented>0</segmented>
   <object>
      <name>Apple</name>
      <pose>Unspecified</pose>
      <truncated>0</truncated>
      <difficult>0</difficult>
      <bndbox>
         <xmin>1682</xmin>
         <ymin>102</ymin>
         <xmax>1572</xmax>
         <ymax>197</ymax>
      </bndbox>
   </object>
   <object>
      <name>Apple</name>
      <pose>Unspecified</pose>
      <truncated>0</truncated>
      <difficult>0</difficult>
      <bndbox>
         <xmin>1577</xmin>
         <ymin>130</ymin>
         <xmax>1490</xmax>
         <ymax>211</ymax>
      </bndbox>
   </object>
   <object>
      <name>Apple</name>
      <pose>Unspecified</pose>
      <truncated>0</truncated>
      <difficult>0</difficult>
      <bndbox>
         <xmin>1352</xmin>
         <ymin>209</ymin>
         <xmax>1286</xmax>
         <ymax>276</ymax>
      </bndbox>
   </object>
   <object>
      <name>Apple</name>
      <pose>Unspecified</pose>
      <truncated>0</truncated>
      <difficult>0</difficult>
      <bndbox>
         <xmin>1514</xmin>
         <ymin>220</ymin>
         <xmax>1449</xmax>
         <ymax>290</ymax>
      </bndbox>
   </object>
   <object>
      <name>Apple</name>
      <pose>Unspecified</pose>
      <truncated>1</truncated>
      <difficult>0</difficult>
      <bndbox>
         <xmin>1227</xmin>
         <ymin>1</ymin>
         <xmax>1153</xmax>
         <ymax>82</ymax>
      </bndbox>
   </object>
   <object>
      <name>Apple</name>
      <pose>Unspecified</pose>
      <truncated>0</truncated>
      <difficult>0</difficult>
      <bndbox>
         <xmin>1182</xmin>
         <ymin>69</ymin>
         <xmax>1114</xmax>
         <ymax>141</ymax>
      </bndbox>
   </object>
   <object>
      <name>Apple</name>
      <pose>Unspecified</pose>
      <truncated>0</truncated>
      <difficult>0</difficult>
      <bndbox>
         <xmin>1187</xmin>
         <ymin>139</ymin>
         <xmax>1128</xmax>
         <ymax>206</ymax>
      </bndbox>
   </object>
   <object>
      <name>Apple</name>
      <pose>Unspecified</pose>
      <truncated>0</truncated>
      <difficult>0</difficult>
      <bndbox>
         <xmin>1009</xmin>
         <ymin>130</ymin>
         <xmax>942</xmax>
         <ymax>210</ymax>
      </bndbox>
   </object>
   <object>
      <name>Apple</name>
      <pose>Unspecified</pose>
      <truncated>0</truncated>
      <difficult>0</difficult>
      <bndbox>
         <xmin>665</xmin>
         <ymin>69</ymin>
         <xmax>595</xmax>
         <ymax>136</ymax>
      </bndbox>
   </object>
   <object>
      <name>Apple</name>
      <pose>Unspecified</pose>
      <truncated>0</truncated>
      <difficult>0</difficult>
      <bndbox>
         <xmin>779</xmin>
         <ymin>11</ymin>
         <xmax>726</xmax>
         <ymax>72</ymax>
      </bndbox>
   </object>
   <object>
      <name>Apple</name>
      <pose>Unspecified</pose>
      <truncated>0</truncated>
      <difficult>0</difficult>
      <bndbox>
         <xmin>748</xmin>
         <ymin>62</ymin>
         <xmax>687</xmax>
         <ymax>122</ymax>
      </bndbox>
   </object>
   <object>
      <name>Apple</name>
      <pose>Unspecified</pose>
      <truncated>0</truncated>
      <difficult>0</difficult>
      <bndbox>
         <xmin>411</xmin>
         <ymin>3</ymin>
         <xmax>342</xmax>
         <ymax>69</ymax>
      </bndbox>
   </object>
   <object>
      <name>Apple</name>
      <pose>Unspecified</pose>
      <truncated>0</truncated>
      <difficult>0</difficult>
      <bndbox>
         <xmin>328</xmin>
         <ymin>187</ymin>
         <xmax>249</xmax>
         <ymax>260</ymax>
      </bndbox>
   </object>
   <object>
      <name>Apple</name>
      <pose>Unspecified</pose>
      <truncated>0</truncated>
      <difficult>0</difficult>
      <bndbox>
         <xmin>1677</xmin>
         <ymin>266</ymin>
         <xmax>1592</xmax>
         <ymax>336</ymax>
      </bndbox>
   </object>
   <object>
      <name>Apple</name>
      <pose>Unspecified</pose>
      <truncated>0</truncated>
      <difficult>0</difficult>
      <bndbox>
         <xmin>1759</xmin>
         <ymin>347</ymin>
         <xmax>1670</xmax>
         <ymax>414</ymax>
      </bndbox>
   </object>
   <object>
      <name>Apple</name>
      <pose>Unspecified</pose>
      <truncated>0</truncated>
      <difficult>0</difficult>
      <bndbox>
         <xmin>1439</xmin>
         <ymin>345</ymin>
         <xmax>1362</xmax>
         <ymax>405</ymax>
      </bndbox>
   </object>
   <object>
      <name>Apple</name>
      <pose>Unspecified</pose>
      <truncated>0</truncated>
      <difficult>0</difficult>
      <bndbox>
         <xmin>1094</xmin>
         <ymin>301</ymin>
         <xmax>1024</xmax>
         <ymax>382</ymax>
      </bndbox>
   </object>
   <object>
      <name>Apple</name>
      <pose>Unspecified</pose>
      <truncated>0</truncated>
      <difficult>0</difficult>
      <bndbox>
         <xmin>730</xmin>
         <ymin>206</ymin>
         <xmax>663</xmax>
         <ymax>271</ymax>
      </bndbox>
   </object>
   <object>
      <name>Apple</name>
      <pose>Unspecified</pose>
      <truncated>0</truncated>
      <difficult>0</difficult>
      <bndbox>
         <xmin>576</xmin>
         <ymin>271</ymin>
         <xmax>504</xmax>
         <ymax>319</ymax>
      </bndbox>
   </object>
   <object>
      <name>Apple</name>
      <pose>Unspecified</pose>
      <truncated>0</truncated>
      <difficult>0</difficult>
      <bndbox>
         <xmin>487</xmin>
         <ymin>292</ymin>
         <xmax>408</xmax>
         <ymax>378</ymax>
      </bndbox>
   </object>
   <object>
      <name>Apple</name>
      <pose>Unspecified</pose>
      <truncated>0</truncated>
      <difficult>0</difficult>
      <bndbox>
         <xmin>466</xmin>
         <ymin>382</ymin>
         <xmax>392</xmax>
         <ymax>443</ymax>
      </bndbox>
   </object>
   <object>
      <name>Apple</name>
      <pose>Unspecified</pose>
      <truncated>0</truncated>
      <difficult>0</difficult>
      <bndbox>
         <xmin>723</xmin>
         <ymin>414</ymin>
         <xmax>648</xmax>
         <ymax>477</ymax>
      </bndbox>
   </object>
   <object>
      <name>Apple</name>
      <pose>Unspecified</pose>
      <truncated>0</truncated>
      <difficult>0</difficult>
      <bndbox>
         <xmin>1535</xmin>
         <ymin>605</ymin>
         <xmax>1458</xmax>
         <ymax>674</ymax>
      </bndbox>
   </object>
   <object>
      <name>Apple</name>
      <pose>Unspecified</pose>
      <truncated>0</truncated>
      <difficult>0</difficult>
      <bndbox>
         <xmin>1609</xmin>
         <ymin>616</ymin>
         <xmax>1534</xmax>
         <ymax>681</ymax>
      </bndbox>
   </object>
   <object>
      <name>Apple</name>
      <pose>Unspecified</pose>
      <truncated>0</truncated>
      <difficult>0</difficult>
      <bndbox>
         <xmin>1635</xmin>
         <ymin>682</ymin>
         <xmax>1548</xmax>
         <ymax>750</ymax>
      </bndbox>
   </object>
   <object>
      <name>Apple</name>
      <pose>Unspecified</pose>
      <truncated>0</truncated>
      <difficult>0</difficult>
      <bndbox>
         <xmin>1651</xmin>
         <ymin>736</ymin>
         <xmax>1568</xmax>
         <ymax>792</ymax>
      </bndbox>
   </object>
   <object>
      <name>Apple</name>
      <pose>Unspecified</pose>
      <truncated>0</truncated>
      <difficult>0</difficult>
      <bndbox>
         <xmin>1465</xmin>
         <ymin>625</ymin>
         <xmax>1387</xmax>
         <ymax>698</ymax>
      </bndbox>
   </object>
   <object>
      <name>Apple</name>
      <pose>Unspecified</pose>
      <truncated>0</truncated>
      <difficult>0</difficult>
      <bndbox>
         <xmin>1497</xmin>
         <ymin>692</ymin>
         <xmax>1434</xmax>
         <ymax>763</ymax>
      </bndbox>
   </object>
   <object>
      <name>Apple</name>
      <pose>Unspecified</pose>
      <truncated>0</truncated>
      <difficult>0</difficult>
      <bndbox>
         <xmin>1439</xmin>
         <ymin>567</ymin>
         <xmax>1367</xmax>
         <ymax>621</ymax>
      </bndbox>
   </object>
   <object>
      <name>Apple</name>
      <pose>Unspecified</pose>
      <truncated>0</truncated>
      <difficult>0</difficult>
      <bndbox>
         <xmin>1299</xmin>
         <ymin>547</ymin>
         <xmax>1228</xmax>
         <ymax>630</ymax>
      </bndbox>
   </object>
   <object>
      <name>Apple</name>
      <pose>Unspecified</pose>
      <truncated>0</truncated>
      <difficult>0</difficult>
      <bndbox>
         <xmin>1354</xmin>
         <ymin>583</ymin>
         <xmax>1295</xmax>
         <ymax>639</ymax>
      </bndbox>
   </object>
   <object>
      <name>Apple</name>
      <pose>Unspecified</pose>
      <truncated>0</truncated>
      <difficult>0</difficult>
      <bndbox>
         <xmin>770</xmin>
         <ymin>626</ymin>
         <xmax>700</xmax>
         <ymax>707</ymax>
      </bndbox>
   </object>
   <object>
      <name>Apple</name>
      <pose>Unspecified</pose>
      <truncated>0</truncated>
      <difficult>0</difficult>
      <bndbox>
         <xmin>710</xmin>
         <ymin>611</ymin>
         <xmax>657</xmax>
         <ymax>688</ymax>
      </bndbox>
   </object>
   <object>
      <name>Apple</name>
      <pose>Unspecified</pose>
      <truncated>0</truncated>
      <difficult>0</difficult>
      <bndbox>
         <xmin>992</xmin>
         <ymin>640</ymin>
         <xmax>933</xmax>
         <ymax>705</ymax>
      </bndbox>
   </object>
   <object>
      <name>Apple</name>
      <pose>Unspecified</pose>
      <truncated>0</truncated>
      <difficult>0</difficult>
      <bndbox>
         <xmin>1063</xmin>
         <ymin>793</ymin>
         <xmax>989</xmax>
         <ymax>868</ymax>
      </bndbox>
   </object>
   <object>
      <name>Apple</name>
      <pose>Unspecified</pose>
      <truncated>0</truncated>
      <difficult>0</difficult>
      <bndbox>
         <xmin>1370</xmin>
         <ymin>805</ymin>
         <xmax>1289</xmax>
         <ymax>891</ymax>
      </bndbox>
   </object>
   <object>
      <name>Apple</name>
      <pose>Unspecified</pose>
      <truncated>0</truncated>
      <difficult>0</difficult>
      <bndbox>
         <xmin>1685</xmin>
         <ymin>977</ymin>
         <xmax>1589</xmax>
         <ymax>1052</ymax>
      </bndbox>
   </object>
   <object>
      <name>Apple</name>
      <pose>Unspecified</pose>
      <truncated>0</truncated>
      <difficult>0</difficult>
      <bndbox>
         <xmin>1590</xmin>
         <ymin>973</ymin>
         <xmax>1515</xmax>
         <ymax>1040</ymax>
      </bndbox>
   </object>
   <object>
      <name>Apple</name>
      <pose>Unspecified</pose>
      <truncated>0</truncated>
      <difficult>0</difficult>
      <bndbox>
         <xmin>748</xmin>
         <ymin>1017</ymin>
         <xmax>677</xmax>
         <ymax>1079</ymax>
      </bndbox>
   </object>
   <object>
      <name>Apple</name>
      <pose>Unspecified</pose>
      <truncated>0</truncated>
      <difficult>0</difficult>
      <bndbox>
         <xmin>824</xmin>
         <ymin>693</ymin>
         <xmax>765</xmax>
         <ymax>757</ymax>
      </bndbox>
   </object>
   <object>
      <name>Apple</name>
      <pose>Unspecified</pose>
      <truncated>0</truncated>
      <difficult>0</difficult>
      <bndbox>
         <xmin>627</xmin>
         <ymin>714</ymin>
         <xmax>549</xmax>
         <ymax>801</ymax>
      </bndbox>
   </object>
   <object>
      <name>Apple</name>
      <pose>Unspecified</pose>
      <truncated>0</truncated>
      <difficult>0</difficult>
      <bndbox>
         <xmin>553</xmin>
         <ymin>714</ymin>
         <xmax>489</xmax>
         <ymax>787</ymax>
      </bndbox>
   </object>
   <object>
      <name>Apple</name>
      <pose>Unspecified</pose>
      <truncated>0</truncated>
      <difficult>0</difficult>
      <bndbox>
         <xmin>472</xmin>
         <ymin>752</ymin>
         <xmax>397</xmax>
         <ymax>819</ymax>
      </bndbox>
   </object>
   <object>
      <name>Apple</name>
      <pose>Unspecified</pose>
      <truncated>0</truncated>
      <difficult>0</difficult>
      <bndbox>
         <xmin>547</xmin>
         <ymin>788</ymin>
         <xmax>466</xmax>
         <ymax>867</ymax>
      </bndbox>
   </object>
</annotation>