<?xml version="1.0" encoding="utf-8"?>
<annotation>
   <folder>PCDCol-1920 DisThr</folder>
   <filename>horizontal-ImgR1-T08-DisThrRGB.jpg</filename>
   <path>C:/Users/pj/Desktop/苹果标记数据/NearView-AppleData/PCDCol-1920 DisThr/ImgR1-T08-DisThrRGB.jpg</path>
   <source>
      <database>Unknown</database>
   </source>
   <size>
      <width>1920</width>
      <height>1080</height>
      <depth>3</depth>
   </size>
   <segmented>0</segmented>
   <object>
      <name>Apple</name>
      <pose>Unspecified</pose>
      <truncated>0</truncated>
      <difficult>0</difficult>
      <bndbox>
         <xmin>1646</xmin>
         <ymin>100</ymin>
         <xmax>1573</xmax>
         <ymax>173</ymax>
      </bndbox>
   </object>
   <object>
      <name>Apple</name>
      <pose>Unspecified</pose>
      <truncated>0</truncated>
      <difficult>0</difficult>
      <bndbox>
         <xmin>1534</xmin>
         <ymin>111</ymin>
         <xmax>1437</xmax>
         <ymax>197</ymax>
      </bndbox>
   </object>
   <object>
      <name>Apple</name>
      <pose>Unspecified</pose>
      <truncated>0</truncated>
      <difficult>0</difficult>
      <bndbox>
         <xmin>1609</xmin>
         <ymin>158</ymin>
         <xmax>1521</xmax>
         <ymax>245</ymax>
      </bndbox>
   </object>
   <object>
      <name>Apple</name>
      <pose>Unspecified</pose>
      <truncated>0</truncated>
      <difficult>0</difficult>
      <bndbox>
         <xmin>1406</xmin>
         <ymin>39</ymin>
         <xmax>1324</xmax>
         <ymax>110</ymax>
      </bndbox>
   </object>
   <object>
      <name>Apple</name>
      <pose>Unspecified</pose>
      <truncated>0</truncated>
      <difficult>0</difficult>
      <bndbox>
         <xmin>1370</xmin>
         <ymin>135</ymin>
         <xmax>1283</xmax>
         <ymax>221</ymax>
      </bndbox>
   </object>
   <object>
      <name>Apple</name>
      <pose>Unspecified</pose>
      <truncated>0</truncated>
      <difficult>0</difficult>
      <bndbox>
         <xmin>1285</xmin>
         <ymin>184</ymin>
         <xmax>1194</xmax>
         <ymax>273</ymax>
      </bndbox>
   </object>
   <object>
      <name>Apple</name>
      <pose>Unspecified</pose>
      <truncated>0</truncated>
      <difficult>0</difficult>
      <bndbox>
         <xmin>1110</xmin>
         <ymin>259</ymin>
         <xmax>1046</xmax>
         <ymax>329</ymax>
      </bndbox>
   </object>
   <object>
      <name>Apple</name>
      <pose>Unspecified</pose>
      <truncated>0</truncated>
      <difficult>0</difficult>
      <bndbox>
         <xmin>1402</xmin>
         <ymin>308</ymin>
         <xmax>1324</xmax>
         <ymax>382</ymax>
      </bndbox>
   </object>
   <object>
      <name>Apple</name>
      <pose>Unspecified</pose>
      <truncated>0</truncated>
      <difficult>0</difficult>
      <bndbox>
         <xmin>883</xmin>
         <ymin>176</ymin>
         <xmax>827</xmax>
         <ymax>241</ymax>
      </bndbox>
   </object>
   <object>
      <name>Apple</name>
      <pose>Unspecified</pose>
      <truncated>0</truncated>
      <difficult>0</difficult>
      <bndbox>
         <xmin>639</xmin>
         <ymin>186</ymin>
         <xmax>562</xmax>
         <ymax>263</ymax>
      </bndbox>
   </object>
   <object>
      <name>Apple</name>
      <pose>Unspecified</pose>
      <truncated>0</truncated>
      <difficult>0</difficult>
      <bndbox>
         <xmin>534</xmin>
         <ymin>173</ymin>
         <xmax>459</xmax>
         <ymax>259</ymax>
      </bndbox>
   </object>
   <object>
      <name>Apple</name>
      <pose>Unspecified</pose>
      <truncated>0</truncated>
      <difficult>0</difficult>
      <bndbox>
         <xmin>576</xmin>
         <ymin>103</ymin>
         <xmax>497</xmax>
         <ymax>172</ymax>
      </bndbox>
   </object>
   <object>
      <name>Apple</name>
      <pose>Unspecified</pose>
      <truncated>0</truncated>
      <difficult>0</difficult>
      <bndbox>
         <xmin>365</xmin>
         <ymin>10</ymin>
         <xmax>263</xmax>
         <ymax>100</ymax>
      </bndbox>
   </object>
   <object>
      <name>Apple</name>
      <pose>Unspecified</pose>
      <truncated>0</truncated>
      <difficult>0</difficult>
      <bndbox>
         <xmin>442</xmin>
         <ymin>103</ymin>
         <xmax>356</xmax>
         <ymax>192</ymax>
      </bndbox>
   </object>
   <object>
      <name>Apple</name>
      <pose>Unspecified</pose>
      <truncated>0</truncated>
      <difficult>0</difficult>
      <bndbox>
         <xmin>310</xmin>
         <ymin>120</ymin>
         <xmax>238</xmax>
         <ymax>190</ymax>
      </bndbox>
   </object>
   <object>
      <name>Apple</name>
      <pose>Unspecified</pose>
      <truncated>0</truncated>
      <difficult>0</difficult>
      <bndbox>
         <xmin>416</xmin>
         <ymin>277</ymin>
         <xmax>347</xmax>
         <ymax>343</ymax>
      </bndbox>
   </object>
   <object>
      <name>Apple</name>
      <pose>Unspecified</pose>
      <truncated>0</truncated>
      <difficult>0</difficult>
      <bndbox>
         <xmin>346</xmin>
         <ymin>281</ymin>
         <xmax>258</xmax>
         <ymax>362</ymax>
      </bndbox>
   </object>
   <object>
      <name>Apple</name>
      <pose>Unspecified</pose>
      <truncated>0</truncated>
      <difficult>0</difficult>
      <bndbox>
         <xmin>1727</xmin>
         <ymin>774</ymin>
         <xmax>1624</xmax>
         <ymax>864</ymax>
      </bndbox>
   </object>
   <object>
      <name>Apple</name>
      <pose>Unspecified</pose>
      <truncated>0</truncated>
      <difficult>0</difficult>
      <bndbox>
         <xmin>1627</xmin>
         <ymin>673</ymin>
         <xmax>1551</xmax>
         <ymax>749</ymax>
      </bndbox>
   </object>
   <object>
      <name>Apple</name>
      <pose>Unspecified</pose>
      <truncated>0</truncated>
      <difficult>0</difficult>
      <bndbox>
         <xmin>1553</xmin>
         <ymin>696</ymin>
         <xmax>1467</xmax>
         <ymax>784</ymax>
      </bndbox>
   </object>
   <object>
      <name>Apple</name>
      <pose>Unspecified</pose>
      <truncated>0</truncated>
      <difficult>0</difficult>
      <bndbox>
         <xmin>1543</xmin>
         <ymin>648</ymin>
         <xmax>1472</xmax>
         <ymax>709</ymax>
      </bndbox>
   </object>
   <object>
      <name>Apple</name>
      <pose>Unspecified</pose>
      <truncated>0</truncated>
      <difficult>0</difficult>
      <bndbox>
         <xmin>1263</xmin>
         <ymin>722</ymin>
         <xmax>1191</xmax>
         <ymax>791</ymax>
      </bndbox>
   </object>
   <object>
      <name>Apple</name>
      <pose>Unspecified</pose>
      <truncated>0</truncated>
      <difficult>0</difficult>
      <bndbox>
         <xmin>1046</xmin>
         <ymin>615</ymin>
         <xmax>977</xmax>
         <ymax>688</ymax>
      </bndbox>
   </object>
   <object>
      <name>Apple</name>
      <pose>Unspecified</pose>
      <truncated>0</truncated>
      <difficult>0</difficult>
      <bndbox>
         <xmin>983</xmin>
         <ymin>655</ymin>
         <xmax>904</xmax>
         <ymax>745</ymax>
      </bndbox>
   </object>
   <object>
      <name>Apple</name>
      <pose>Unspecified</pose>
      <truncated>0</truncated>
      <difficult>0</difficult>
      <bndbox>
         <xmin>1096</xmin>
         <ymin>733</ymin>
         <xmax>1023</xmax>
         <ymax>806</ymax>
      </bndbox>
   </object>
   <object>
      <name>Apple</name>
      <pose>Unspecified</pose>
      <truncated>0</truncated>
      <difficult>0</difficult>
      <bndbox>
         <xmin>1143</xmin>
         <ymin>791</ymin>
         <xmax>1071</xmax>
         <ymax>877</ymax>
      </bndbox>
   </object>
   <object>
      <name>Apple</name>
      <pose>Unspecified</pose>
      <truncated>0</truncated>
      <difficult>0</difficult>
      <bndbox>
         <xmin>1077</xmin>
         <ymin>848</ymin>
         <xmax>1006</xmax>
         <ymax>925</ymax>
      </bndbox>
   </object>
   <object>
      <name>Apple</name>
      <pose>Unspecified</pose>
      <truncated>0</truncated>
      <difficult>0</difficult>
      <bndbox>
         <xmin>943</xmin>
         <ymin>857</ymin>
         <xmax>863</xmax>
         <ymax>939</ymax>
      </bndbox>
   </object>
   <object>
      <name>Apple</name>
      <pose>Unspecified</pose>
      <truncated>0</truncated>
      <difficult>0</difficult>
      <bndbox>
         <xmin>833</xmin>
         <ymin>786</ymin>
         <xmax>770</xmax>
         <ymax>857</ymax>
      </bndbox>
   </object>
   <object>
      <name>Apple</name>
      <pose>Unspecified</pose>
      <truncated>0</truncated>
      <difficult>0</difficult>
      <bndbox>
         <xmin>839</xmin>
         <ymin>471</ymin>
         <xmax>758</xmax>
         <ymax>559</ymax>
      </bndbox>
   </object>
   <object>
      <name>Apple</name>
      <pose>Unspecified</pose>
      <truncated>0</truncated>
      <difficult>0</difficult>
      <bndbox>
         <xmin>762</xmin>
         <ymin>469</ymin>
         <xmax>683</xmax>
         <ymax>549</ymax>
      </bndbox>
   </object>
   <object>
      <name>Apple</name>
      <pose>Unspecified</pose>
      <truncated>0</truncated>
      <difficult>0</difficult>
      <bndbox>
         <xmin>823</xmin>
         <ymin>634</ymin>
         <xmax>763</xmax>
         <ymax>703</ymax>
      </bndbox>
   </object>
   <object>
      <name>Apple</name>
      <pose>Unspecified</pose>
      <truncated>0</truncated>
      <difficult>0</difficult>
      <bndbox>
         <xmin>762</xmin>
         <ymin>666</ymin>
         <xmax>694</xmax>
         <ymax>736</ymax>
      </bndbox>
   </object>
   <object>
      <name>Apple</name>
      <pose>Unspecified</pose>
      <truncated>0</truncated>
      <difficult>0</difficult>
      <bndbox>
         <xmin>528</xmin>
         <ymin>764</ymin>
         <xmax>451</xmax>
         <ymax>836</ymax>
      </bndbox>
   </object>
   <object>
      <name>Apple</name>
      <pose>Unspecified</pose>
      <truncated>0</truncated>
      <difficult>0</difficult>
      <bndbox>
         <xmin>573</xmin>
         <ymin>547</ymin>
         <xmax>499</xmax>
         <ymax>622</ymax>
      </bndbox>
   </object>
   <object>
      <name>Apple</name>
      <pose>Unspecified</pose>
      <truncated>0</truncated>
      <difficult>0</difficult>
      <bndbox>
         <xmin>596</xmin>
         <ymin>621</ymin>
         <xmax>519</xmax>
         <ymax>707</ymax>
      </bndbox>
   </object>
   <object>
      <name>Apple</name>
      <pose>Unspecified</pose>
      <truncated>0</truncated>
      <difficult>0</difficult>
      <bndbox>
         <xmin>511</xmin>
         <ymin>654</ymin>
         <xmax>432</xmax>
         <ymax>726</ymax>
      </bndbox>
   </object>
   <object>
      <name>Apple</name>
      <pose>Unspecified</pose>
      <truncated>0</truncated>
      <difficult>0</difficult>
      <bndbox>
         <xmin>297</xmin>
         <ymin>749</ymin>
         <xmax>225</xmax>
         <ymax>816</ymax>
      </bndbox>
   </object>
   <object>
      <name>Apple</name>
      <pose>Unspecified</pose>
      <truncated>0</truncated>
      <difficult>0</difficult>
      <bndbox>
         <xmin>480</xmin>
         <ymin>962</ymin>
         <xmax>414</xmax>
         <ymax>1022</ymax>
      </bndbox>
   </object>
</annotation>