<?xml version="1.0" encoding="utf-8"?>
<annotation>
   <folder>PCDCol-1920 DisThr</folder>
   <filename>horizontal-ImgR1-T13-DisThrRGB.jpg</filename>
   <path>C:/Users/pj/Desktop/苹果标记数据/20181126/PCDCol-1920 DisThr/ImgR1-T13-DisThrRGB.jpg</path>
   <source>
      <database>Unknown</database>
   </source>
   <size>
      <width>1920</width>
      <height>1080</height>
      <depth>3</depth>
   </size>
   <segmented>0</segmented>
   <object>
      <name>Apple</name>
      <pose>Unspecified</pose>
      <truncated>0</truncated>
      <difficult>0</difficult>
      <bndbox>
         <xmin>1768</xmin>
         <ymin>231</ymin>
         <xmax>1708</xmax>
         <ymax>291</ymax>
      </bndbox>
   </object>
   <object>
      <name>Apple</name>
      <pose>Unspecified</pose>
      <truncated>0</truncated>
      <difficult>0</difficult>
      <bndbox>
         <xmin>1354</xmin>
         <ymin>81</ymin>
         <xmax>1275</xmax>
         <ymax>162</ymax>
      </bndbox>
   </object>
   <object>
      <name>Apple</name>
      <pose>Unspecified</pose>
      <truncated>0</truncated>
      <difficult>0</difficult>
      <bndbox>
         <xmin>1406</xmin>
         <ymin>43</ymin>
         <xmax>1339</xmax>
         <ymax>125</ymax>
      </bndbox>
   </object>
   <object>
      <name>Apple</name>
      <pose>Unspecified</pose>
      <truncated>0</truncated>
      <difficult>0</difficult>
      <bndbox>
         <xmin>1592</xmin>
         <ymin>263</ymin>
         <xmax>1527</xmax>
         <ymax>324</ymax>
      </bndbox>
   </object>
   <object>
      <name>Apple</name>
      <pose>Unspecified</pose>
      <truncated>0</truncated>
      <difficult>0</difficult>
      <bndbox>
         <xmin>1151</xmin>
         <ymin>205</ymin>
         <xmax>1091</xmax>
         <ymax>268</ymax>
      </bndbox>
   </object>
   <object>
      <name>Apple</name>
      <pose>Unspecified</pose>
      <truncated>0</truncated>
      <difficult>0</difficult>
      <bndbox>
         <xmin>1697</xmin>
         <ymin>376</ymin>
         <xmax>1647</xmax>
         <ymax>422</ymax>
      </bndbox>
   </object>
   <object>
      <name>Apple</name>
      <pose>Unspecified</pose>
      <truncated>0</truncated>
      <difficult>0</difficult>
      <bndbox>
         <xmin>1694</xmin>
         <ymin>433</ymin>
         <xmax>1618</xmax>
         <ymax>493</ymax>
      </bndbox>
   </object>
   <object>
      <name>Apple</name>
      <pose>Unspecified</pose>
      <truncated>0</truncated>
      <difficult>0</difficult>
      <bndbox>
         <xmin>1619</xmin>
         <ymin>426</ymin>
         <xmax>1552</xmax>
         <ymax>484</ymax>
      </bndbox>
   </object>
   <object>
      <name>Apple</name>
      <pose>Unspecified</pose>
      <truncated>0</truncated>
      <difficult>0</difficult>
      <bndbox>
         <xmin>1429</xmin>
         <ymin>434</ymin>
         <xmax>1339</xmax>
         <ymax>516</ymax>
      </bndbox>
   </object>
   <object>
      <name>Apple</name>
      <pose>Unspecified</pose>
      <truncated>0</truncated>
      <difficult>0</difficult>
      <bndbox>
         <xmin>1176</xmin>
         <ymin>488</ymin>
         <xmax>1110</xmax>
         <ymax>567</ymax>
      </bndbox>
   </object>
   <object>
      <name>Apple</name>
      <pose>Unspecified</pose>
      <truncated>0</truncated>
      <difficult>0</difficult>
      <bndbox>
         <xmin>1130</xmin>
         <ymin>547</ymin>
         <xmax>1068</xmax>
         <ymax>615</ymax>
      </bndbox>
   </object>
   <object>
      <name>Apple</name>
      <pose>Unspecified</pose>
      <truncated>0</truncated>
      <difficult>0</difficult>
      <bndbox>
         <xmin>1246</xmin>
         <ymin>483</ymin>
         <xmax>1178</xmax>
         <ymax>554</ymax>
      </bndbox>
   </object>
   <object>
      <name>Apple</name>
      <pose>Unspecified</pose>
      <truncated>0</truncated>
      <difficult>0</difficult>
      <bndbox>
         <xmin>1254</xmin>
         <ymin>615</ymin>
         <xmax>1195</xmax>
         <ymax>683</ymax>
      </bndbox>
   </object>
   <object>
      <name>Apple</name>
      <pose>Unspecified</pose>
      <truncated>0</truncated>
      <difficult>0</difficult>
      <bndbox>
         <xmin>1504</xmin>
         <ymin>579</ymin>
         <xmax>1429</xmax>
         <ymax>653</ymax>
      </bndbox>
   </object>
   <object>
      <name>Apple</name>
      <pose>Unspecified</pose>
      <truncated>0</truncated>
      <difficult>0</difficult>
      <bndbox>
         <xmin>1591</xmin>
         <ymin>602</ymin>
         <xmax>1505</xmax>
         <ymax>662</ymax>
      </bndbox>
   </object>
   <object>
      <name>Apple</name>
      <pose>Unspecified</pose>
      <truncated>0</truncated>
      <difficult>0</difficult>
      <bndbox>
         <xmin>1575</xmin>
         <ymin>681</ymin>
         <xmax>1502</xmax>
         <ymax>743</ymax>
      </bndbox>
   </object>
   <object>
      <name>Apple</name>
      <pose>Unspecified</pose>
      <truncated>0</truncated>
      <difficult>0</difficult>
      <bndbox>
         <xmin>1656</xmin>
         <ymin>735</ymin>
         <xmax>1586</xmax>
         <ymax>796</ymax>
      </bndbox>
   </object>
   <object>
      <name>Apple</name>
      <pose>Unspecified</pose>
      <truncated>0</truncated>
      <difficult>0</difficult>
      <bndbox>
         <xmin>1127</xmin>
         <ymin>633</ymin>
         <xmax>1061</xmax>
         <ymax>701</ymax>
      </bndbox>
   </object>
   <object>
      <name>Apple</name>
      <pose>Unspecified</pose>
      <truncated>0</truncated>
      <difficult>0</difficult>
      <bndbox>
         <xmin>948</xmin>
         <ymin>387</ymin>
         <xmax>881</xmax>
         <ymax>455</ymax>
      </bndbox>
   </object>
   <object>
      <name>Apple</name>
      <pose>Unspecified</pose>
      <truncated>0</truncated>
      <difficult>0</difficult>
      <bndbox>
         <xmin>1024</xmin>
         <ymin>433</ymin>
         <xmax>956</xmax>
         <ymax>491</ymax>
      </bndbox>
   </object>
   <object>
      <name>Apple</name>
      <pose>Unspecified</pose>
      <truncated>0</truncated>
      <difficult>0</difficult>
      <bndbox>
         <xmin>1390</xmin>
         <ymin>966</ymin>
         <xmax>1321</xmax>
         <ymax>1040</ymax>
      </bndbox>
   </object>
   <object>
      <name>Apple</name>
      <pose>Unspecified</pose>
      <truncated>0</truncated>
      <difficult>0</difficult>
      <bndbox>
         <xmin>1308</xmin>
         <ymin>930</ymin>
         <xmax>1235</xmax>
         <ymax>1000</ymax>
      </bndbox>
   </object>
   <object>
      <name>Apple</name>
      <pose>Unspecified</pose>
      <truncated>0</truncated>
      <difficult>0</difficult>
      <bndbox>
         <xmin>1075</xmin>
         <ymin>917</ymin>
         <xmax>1001</xmax>
         <ymax>993</ymax>
      </bndbox>
   </object>
   <object>
      <name>Apple</name>
      <pose>Unspecified</pose>
      <truncated>0</truncated>
      <difficult>0</difficult>
      <bndbox>
         <xmin>742</xmin>
         <ymin>97</ymin>
         <xmax>667</xmax>
         <ymax>178</ymax>
      </bndbox>
   </object>
   <object>
      <name>Apple</name>
      <pose>Unspecified</pose>
      <truncated>0</truncated>
      <difficult>0</difficult>
      <bndbox>
         <xmin>856</xmin>
         <ymin>124</ymin>
         <xmax>791</xmax>
         <ymax>200</ymax>
      </bndbox>
   </object>
   <object>
      <name>Apple</name>
      <pose>Unspecified</pose>
      <truncated>0</truncated>
      <difficult>0</difficult>
      <bndbox>
         <xmin>749</xmin>
         <ymin>184</ymin>
         <xmax>689</xmax>
         <ymax>250</ymax>
      </bndbox>
   </object>
   <object>
      <name>Apple</name>
      <pose>Unspecified</pose>
      <truncated>0</truncated>
      <difficult>0</difficult>
      <bndbox>
         <xmin>537</xmin>
         <ymin>264</ymin>
         <xmax>452</xmax>
         <ymax>350</ymax>
      </bndbox>
   </object>
   <object>
      <name>Apple</name>
      <pose>Unspecified</pose>
      <truncated>0</truncated>
      <difficult>0</difficult>
      <bndbox>
         <xmin>643</xmin>
         <ymin>349</ymin>
         <xmax>576</xmax>
         <ymax>414</ymax>
      </bndbox>
   </object>
   <object>
      <name>Apple</name>
      <pose>Unspecified</pose>
      <truncated>0</truncated>
      <difficult>0</difficult>
      <bndbox>
         <xmin>316</xmin>
         <ymin>182</ymin>
         <xmax>246</xmax>
         <ymax>253</ymax>
      </bndbox>
   </object>
   <object>
      <name>Apple</name>
      <pose>Unspecified</pose>
      <truncated>0</truncated>
      <difficult>0</difficult>
      <bndbox>
         <xmin>343</xmin>
         <ymin>487</ymin>
         <xmax>280</xmax>
         <ymax>554</ymax>
      </bndbox>
   </object>
   <object>
      <name>Apple</name>
      <pose>Unspecified</pose>
      <truncated>0</truncated>
      <difficult>0</difficult>
      <bndbox>
         <xmin>376</xmin>
         <ymin>633</ymin>
         <xmax>318</xmax>
         <ymax>687</ymax>
      </bndbox>
   </object>
   <object>
      <name>Apple</name>
      <pose>Unspecified</pose>
      <truncated>0</truncated>
      <difficult>0</difficult>
      <bndbox>
         <xmin>866</xmin>
         <ymin>424</ymin>
         <xmax>801</xmax>
         <ymax>493</ymax>
      </bndbox>
   </object>
   <object>
      <name>Apple</name>
      <pose>Unspecified</pose>
      <truncated>0</truncated>
      <difficult>0</difficult>
      <bndbox>
         <xmin>804</xmin>
         <ymin>450</ymin>
         <xmax>735</xmax>
         <ymax>521</ymax>
      </bndbox>
   </object>
   <object>
      <name>Apple</name>
      <pose>Unspecified</pose>
      <truncated>0</truncated>
      <difficult>0</difficult>
      <bndbox>
         <xmin>802</xmin>
         <ymin>525</ymin>
         <xmax>737</xmax>
         <ymax>593</ymax>
      </bndbox>
   </object>
   <object>
      <name>Apple</name>
      <pose>Unspecified</pose>
      <truncated>0</truncated>
      <difficult>0</difficult>
      <bndbox>
         <xmin>649</xmin>
         <ymin>555</ymin>
         <xmax>590</xmax>
         <ymax>624</ymax>
      </bndbox>
   </object>
   <object>
      <name>Apple</name>
      <pose>Unspecified</pose>
      <truncated>0</truncated>
      <difficult>0</difficult>
      <bndbox>
         <xmin>590</xmin>
         <ymin>644</ymin>
         <xmax>533</xmax>
         <ymax>710</ymax>
      </bndbox>
   </object>
</annotation>