<?xml version="1.0" encoding="utf-8"?>
<annotation>
   <folder>PCDCol-1920 DisThr</folder>
   <filename>horizontal-ImgR1-T21-DisThrRGB.jpg</filename>
   <path>C:/Users/pj/Desktop/苹果标记数据/20181126/PCDCol-1920 DisThr/ImgR1-T21-DisThrRGB.jpg</path>
   <source>
      <database>Unknown</database>
   </source>
   <size>
      <width>1920</width>
      <height>1080</height>
      <depth>3</depth>
   </size>
   <segmented>0</segmented>
   <object>
      <name>Apple</name>
      <pose>Unspecified</pose>
      <truncated>0</truncated>
      <difficult>0</difficult>
      <bndbox>
         <xmin>1095</xmin>
         <ymin>255</ymin>
         <xmax>1024</xmax>
         <ymax>335</ymax>
      </bndbox>
   </object>
   <object>
      <name>Apple</name>
      <pose>Unspecified</pose>
      <truncated>0</truncated>
      <difficult>0</difficult>
      <bndbox>
         <xmin>1027</xmin>
         <ymin>290</ymin>
         <xmax>972</xmax>
         <ymax>359</ymax>
      </bndbox>
   </object>
   <object>
      <name>Apple</name>
      <pose>Unspecified</pose>
      <truncated>0</truncated>
      <difficult>0</difficult>
      <bndbox>
         <xmin>1478</xmin>
         <ymin>277</ymin>
         <xmax>1414</xmax>
         <ymax>343</ymax>
      </bndbox>
   </object>
   <object>
      <name>Apple</name>
      <pose>Unspecified</pose>
      <truncated>0</truncated>
      <difficult>0</difficult>
      <bndbox>
         <xmin>1420</xmin>
         <ymin>301</ymin>
         <xmax>1363</xmax>
         <ymax>359</ymax>
      </bndbox>
   </object>
   <object>
      <name>Apple</name>
      <pose>Unspecified</pose>
      <truncated>0</truncated>
      <difficult>0</difficult>
      <bndbox>
         <xmin>1357</xmin>
         <ymin>324</ymin>
         <xmax>1295</xmax>
         <ymax>387</ymax>
      </bndbox>
   </object>
   <object>
      <name>Apple</name>
      <pose>Unspecified</pose>
      <truncated>0</truncated>
      <difficult>0</difficult>
      <bndbox>
         <xmin>1256</xmin>
         <ymin>273</ymin>
         <xmax>1192</xmax>
         <ymax>345</ymax>
      </bndbox>
   </object>
   <object>
      <name>Apple</name>
      <pose>Unspecified</pose>
      <truncated>0</truncated>
      <difficult>0</difficult>
      <bndbox>
         <xmin>1056</xmin>
         <ymin>77</ymin>
         <xmax>986</xmax>
         <ymax>149</ymax>
      </bndbox>
   </object>
   <object>
      <name>Apple</name>
      <pose>Unspecified</pose>
      <truncated>0</truncated>
      <difficult>0</difficult>
      <bndbox>
         <xmin>924</xmin>
         <ymin>25</ymin>
         <xmax>857</xmax>
         <ymax>93</ymax>
      </bndbox>
   </object>
   <object>
      <name>Apple</name>
      <pose>Unspecified</pose>
      <truncated>0</truncated>
      <difficult>0</difficult>
      <bndbox>
         <xmin>995</xmin>
         <ymin>3</ymin>
         <xmax>929</xmax>
         <ymax>49</ymax>
      </bndbox>
   </object>
   <object>
      <name>Apple</name>
      <pose>Unspecified</pose>
      <truncated>0</truncated>
      <difficult>0</difficult>
      <bndbox>
         <xmin>946</xmin>
         <ymin>367</ymin>
         <xmax>892</xmax>
         <ymax>425</ymax>
      </bndbox>
   </object>
   <object>
      <name>Apple</name>
      <pose>Unspecified</pose>
      <truncated>0</truncated>
      <difficult>0</difficult>
      <bndbox>
         <xmin>1340</xmin>
         <ymin>566</ymin>
         <xmax>1275</xmax>
         <ymax>624</ymax>
      </bndbox>
   </object>
   <object>
      <name>Apple</name>
      <pose>Unspecified</pose>
      <truncated>0</truncated>
      <difficult>0</difficult>
      <bndbox>
         <xmin>1281</xmin>
         <ymin>605</ymin>
         <xmax>1209</xmax>
         <ymax>672</ymax>
      </bndbox>
   </object>
   <object>
      <name>Apple</name>
      <pose>Unspecified</pose>
      <truncated>0</truncated>
      <difficult>0</difficult>
      <bndbox>
         <xmin>1063</xmin>
         <ymin>426</ymin>
         <xmax>996</xmax>
         <ymax>490</ymax>
      </bndbox>
   </object>
   <object>
      <name>Apple</name>
      <pose>Unspecified</pose>
      <truncated>0</truncated>
      <difficult>0</difficult>
      <bndbox>
         <xmin>1028</xmin>
         <ymin>390</ymin>
         <xmax>977</xmax>
         <ymax>444</ymax>
      </bndbox>
   </object>
   <object>
      <name>Apple</name>
      <pose>Unspecified</pose>
      <truncated>0</truncated>
      <difficult>0</difficult>
      <bndbox>
         <xmin>1040</xmin>
         <ymin>593</ymin>
         <xmax>975</xmax>
         <ymax>653</ymax>
      </bndbox>
   </object>
   <object>
      <name>Apple</name>
      <pose>Unspecified</pose>
      <truncated>0</truncated>
      <difficult>0</difficult>
      <bndbox>
         <xmin>873</xmin>
         <ymin>591</ymin>
         <xmax>814</xmax>
         <ymax>652</ymax>
      </bndbox>
   </object>
   <object>
      <name>Apple</name>
      <pose>Unspecified</pose>
      <truncated>0</truncated>
      <difficult>0</difficult>
      <bndbox>
         <xmin>846</xmin>
         <ymin>536</ymin>
         <xmax>789</xmax>
         <ymax>586</ymax>
      </bndbox>
   </object>
   <object>
      <name>Apple</name>
      <pose>Unspecified</pose>
      <truncated>0</truncated>
      <difficult>0</difficult>
      <bndbox>
         <xmin>840</xmin>
         <ymin>658</ymin>
         <xmax>786</xmax>
         <ymax>709</ymax>
      </bndbox>
   </object>
   <object>
      <name>Apple</name>
      <pose>Unspecified</pose>
      <truncated>0</truncated>
      <difficult>0</difficult>
      <bndbox>
         <xmin>1023</xmin>
         <ymin>915</ymin>
         <xmax>953</xmax>
         <ymax>988</ymax>
      </bndbox>
   </object>
   <object>
      <name>Apple</name>
      <pose>Unspecified</pose>
      <truncated>0</truncated>
      <difficult>0</difficult>
      <bndbox>
         <xmin>1152</xmin>
         <ymin>944</ymin>
         <xmax>1081</xmax>
         <ymax>1019</ymax>
      </bndbox>
   </object>
   <object>
      <name>Apple</name>
      <pose>Unspecified</pose>
      <truncated>0</truncated>
      <difficult>0</difficult>
      <bndbox>
         <xmin>1133</xmin>
         <ymin>1005</ymin>
         <xmax>1076</xmax>
         <ymax>1058</ymax>
      </bndbox>
   </object>
   <object>
      <name>Apple</name>
      <pose>Unspecified</pose>
      <truncated>0</truncated>
      <difficult>0</difficult>
      <bndbox>
         <xmin>556</xmin>
         <ymin>1024</ymin>
         <xmax>497</xmax>
         <ymax>1079</ymax>
      </bndbox>
   </object>
   <object>
      <name>Apple</name>
      <pose>Unspecified</pose>
      <truncated>0</truncated>
      <difficult>0</difficult>
      <bndbox>
         <xmin>806</xmin>
         <ymin>810</ymin>
         <xmax>740</xmax>
         <ymax>874</ymax>
      </bndbox>
   </object>
   <object>
      <name>Apple</name>
      <pose>Unspecified</pose>
      <truncated>0</truncated>
      <difficult>0</difficult>
      <bndbox>
         <xmin>752</xmin>
         <ymin>843</ymin>
         <xmax>692</xmax>
         <ymax>902</ymax>
      </bndbox>
   </object>
   <object>
      <name>Apple</name>
      <pose>Unspecified</pose>
      <truncated>0</truncated>
      <difficult>0</difficult>
      <bndbox>
         <xmin>367</xmin>
         <ymin>263</ymin>
         <xmax>297</xmax>
         <ymax>325</ymax>
      </bndbox>
   </object>
   <object>
      <name>Apple</name>
      <pose>Unspecified</pose>
      <truncated>0</truncated>
      <difficult>0</difficult>
      <bndbox>
         <xmin>580</xmin>
         <ymin>583</ymin>
         <xmax>510</xmax>
         <ymax>647</ymax>
      </bndbox>
   </object>
   <object>
      <name>Apple</name>
      <pose>Unspecified</pose>
      <truncated>0</truncated>
      <difficult>0</difficult>
      <bndbox>
         <xmin>629</xmin>
         <ymin>630</ymin>
         <xmax>554</xmax>
         <ymax>696</ymax>
      </bndbox>
   </object>
   <object>
      <name>Apple</name>
      <pose>Unspecified</pose>
      <truncated>0</truncated>
      <difficult>0</difficult>
      <bndbox>
         <xmin>558</xmin>
         <ymin>645</ymin>
         <xmax>504</xmax>
         <ymax>701</ymax>
      </bndbox>
   </object>
   <object>
      <name>Apple</name>
      <pose>Unspecified</pose>
      <truncated>0</truncated>
      <difficult>0</difficult>
      <bndbox>
         <xmin>430</xmin>
         <ymin>697</ymin>
         <xmax>359</xmax>
         <ymax>763</ymax>
      </bndbox>
   </object>
   <object>
      <name>Apple</name>
      <pose>Unspecified</pose>
      <truncated>0</truncated>
      <difficult>0</difficult>
      <bndbox>
         <xmin>401</xmin>
         <ymin>759</ymin>
         <xmax>329</xmax>
         <ymax>815</ymax>
      </bndbox>
   </object>
   <object>
      <name>Apple</name>
      <pose>Unspecified</pose>
      <truncated>0</truncated>
      <difficult>0</difficult>
      <bndbox>
         <xmin>297</xmin>
         <ymin>848</ymin>
         <xmax>228</xmax>
         <ymax>925</ymax>
      </bndbox>
   </object>
</annotation>