<?xml version="1.0" encoding="utf-8"?>
<annotation>
   <folder>PCDCol-1920 DisThr</folder>
   <filename>horizontal-ImgR1-T09-DisThrRGB.jpg</filename>
   <path>C:/Users/pj/Desktop/苹果标记数据/NearView-AppleData/PCDCol-1920 DisThr/ImgR1-T09-DisThrRGB.jpg</path>
   <source>
      <database>Unknown</database>
   </source>
   <size>
      <width>1920</width>
      <height>1080</height>
      <depth>3</depth>
   </size>
   <segmented>0</segmented>
   <object>
      <name>Apple</name>
      <pose>Unspecified</pose>
      <truncated>0</truncated>
      <difficult>0</difficult>
      <bndbox>
         <xmin>1634</xmin>
         <ymin>50</ymin>
         <xmax>1548</xmax>
         <ymax>141</ymax>
      </bndbox>
   </object>
   <object>
      <name>Apple</name>
      <pose>Unspecified</pose>
      <truncated>0</truncated>
      <difficult>0</difficult>
      <bndbox>
         <xmin>1624</xmin>
         <ymin>226</ymin>
         <xmax>1530</xmax>
         <ymax>310</ymax>
      </bndbox>
   </object>
   <object>
      <name>Apple</name>
      <pose>Unspecified</pose>
      <truncated>0</truncated>
      <difficult>0</difficult>
      <bndbox>
         <xmin>1529</xmin>
         <ymin>241</ymin>
         <xmax>1447</xmax>
         <ymax>321</ymax>
      </bndbox>
   </object>
   <object>
      <name>Apple</name>
      <pose>Unspecified</pose>
      <truncated>0</truncated>
      <difficult>0</difficult>
      <bndbox>
         <xmin>1470</xmin>
         <ymin>145</ymin>
         <xmax>1382</xmax>
         <ymax>234</ymax>
      </bndbox>
   </object>
   <object>
      <name>Apple</name>
      <pose>Unspecified</pose>
      <truncated>0</truncated>
      <difficult>0</difficult>
      <bndbox>
         <xmin>1724</xmin>
         <ymin>302</ymin>
         <xmax>1643</xmax>
         <ymax>374</ymax>
      </bndbox>
   </object>
   <object>
      <name>Apple</name>
      <pose>Unspecified</pose>
      <truncated>0</truncated>
      <difficult>0</difficult>
      <bndbox>
         <xmin>1599</xmin>
         <ymin>345</ymin>
         <xmax>1509</xmax>
         <ymax>436</ymax>
      </bndbox>
   </object>
   <object>
      <name>Apple</name>
      <pose>Unspecified</pose>
      <truncated>0</truncated>
      <difficult>0</difficult>
      <bndbox>
         <xmin>1659</xmin>
         <ymin>347</ymin>
         <xmax>1590</xmax>
         <ymax>419</ymax>
      </bndbox>
   </object>
   <object>
      <name>Apple</name>
      <pose>Unspecified</pose>
      <truncated>0</truncated>
      <difficult>0</difficult>
      <bndbox>
         <xmin>1238</xmin>
         <ymin>148</ymin>
         <xmax>1162</xmax>
         <ymax>235</ymax>
      </bndbox>
   </object>
   <object>
      <name>Apple</name>
      <pose>Unspecified</pose>
      <truncated>0</truncated>
      <difficult>0</difficult>
      <bndbox>
         <xmin>1313</xmin>
         <ymin>178</ymin>
         <xmax>1240</xmax>
         <ymax>249</ymax>
      </bndbox>
   </object>
   <object>
      <name>Apple</name>
      <pose>Unspecified</pose>
      <truncated>0</truncated>
      <difficult>0</difficult>
      <bndbox>
         <xmin>1142</xmin>
         <ymin>345</ymin>
         <xmax>1063</xmax>
         <ymax>435</ymax>
      </bndbox>
   </object>
   <object>
      <name>Apple</name>
      <pose>Unspecified</pose>
      <truncated>0</truncated>
      <difficult>0</difficult>
      <bndbox>
         <xmin>1002</xmin>
         <ymin>338</ymin>
         <xmax>919</xmax>
         <ymax>421</ymax>
      </bndbox>
   </object>
   <object>
      <name>Apple</name>
      <pose>Unspecified</pose>
      <truncated>0</truncated>
      <difficult>0</difficult>
      <bndbox>
         <xmin>801</xmin>
         <ymin>178</ymin>
         <xmax>710</xmax>
         <ymax>269</ymax>
      </bndbox>
   </object>
   <object>
      <name>Apple</name>
      <pose>Unspecified</pose>
      <truncated>0</truncated>
      <difficult>0</difficult>
      <bndbox>
         <xmin>937</xmin>
         <ymin>141</ymin>
         <xmax>876</xmax>
         <ymax>216</ymax>
      </bndbox>
   </object>
   <object>
      <name>Apple</name>
      <pose>Unspecified</pose>
      <truncated>0</truncated>
      <difficult>0</difficult>
      <bndbox>
         <xmin>444</xmin>
         <ymin>243</ymin>
         <xmax>349</xmax>
         <ymax>341</ymax>
      </bndbox>
   </object>
   <object>
      <name>Apple</name>
      <pose>Unspecified</pose>
      <truncated>0</truncated>
      <difficult>0</difficult>
      <bndbox>
         <xmin>551</xmin>
         <ymin>191</ymin>
         <xmax>453</xmax>
         <ymax>293</ymax>
      </bndbox>
   </object>
   <object>
      <name>Apple</name>
      <pose>Unspecified</pose>
      <truncated>0</truncated>
      <difficult>0</difficult>
      <bndbox>
         <xmin>662</xmin>
         <ymin>319</ymin>
         <xmax>595</xmax>
         <ymax>383</ymax>
      </bndbox>
   </object>
   <object>
      <name>Apple</name>
      <pose>Unspecified</pose>
      <truncated>0</truncated>
      <difficult>0</difficult>
      <bndbox>
         <xmin>1611</xmin>
         <ymin>683</ymin>
         <xmax>1532</xmax>
         <ymax>752</ymax>
      </bndbox>
   </object>
   <object>
      <name>Apple</name>
      <pose>Unspecified</pose>
      <truncated>0</truncated>
      <difficult>0</difficult>
      <bndbox>
         <xmin>1734</xmin>
         <ymin>749</ymin>
         <xmax>1638</xmax>
         <ymax>841</ymax>
      </bndbox>
   </object>
   <object>
      <name>Apple</name>
      <pose>Unspecified</pose>
      <truncated>0</truncated>
      <difficult>0</difficult>
      <bndbox>
         <xmin>1461</xmin>
         <ymin>768</ymin>
         <xmax>1376</xmax>
         <ymax>853</ymax>
      </bndbox>
   </object>
   <object>
      <name>Apple</name>
      <pose>Unspecified</pose>
      <truncated>0</truncated>
      <difficult>0</difficult>
      <bndbox>
         <xmin>1534</xmin>
         <ymin>744</ymin>
         <xmax>1454</xmax>
         <ymax>825</ymax>
      </bndbox>
   </object>
   <object>
      <name>Apple</name>
      <pose>Unspecified</pose>
      <truncated>0</truncated>
      <difficult>0</difficult>
      <bndbox>
         <xmin>1644</xmin>
         <ymin>864</ymin>
         <xmax>1559</xmax>
         <ymax>950</ymax>
      </bndbox>
   </object>
   <object>
      <name>Apple</name>
      <pose>Unspecified</pose>
      <truncated>0</truncated>
      <difficult>0</difficult>
      <bndbox>
         <xmin>1348</xmin>
         <ymin>735</ymin>
         <xmax>1267</xmax>
         <ymax>793</ymax>
      </bndbox>
   </object>
   <object>
      <name>Apple</name>
      <pose>Unspecified</pose>
      <truncated>0</truncated>
      <difficult>0</difficult>
      <bndbox>
         <xmin>1218</xmin>
         <ymin>698</ymin>
         <xmax>1144</xmax>
         <ymax>773</ymax>
      </bndbox>
   </object>
   <object>
      <name>Apple</name>
      <pose>Unspecified</pose>
      <truncated>0</truncated>
      <difficult>0</difficult>
      <bndbox>
         <xmin>1106</xmin>
         <ymin>750</ymin>
         <xmax>1032</xmax>
         <ymax>828</ymax>
      </bndbox>
   </object>
   <object>
      <name>Apple</name>
      <pose>Unspecified</pose>
      <truncated>0</truncated>
      <difficult>0</difficult>
      <bndbox>
         <xmin>1170</xmin>
         <ymin>776</ymin>
         <xmax>1102</xmax>
         <ymax>853</ymax>
      </bndbox>
   </object>
   <object>
      <name>Apple</name>
      <pose>Unspecified</pose>
      <truncated>0</truncated>
      <difficult>0</difficult>
      <bndbox>
         <xmin>1201</xmin>
         <ymin>906</ymin>
         <xmax>1125</xmax>
         <ymax>998</ymax>
      </bndbox>
   </object>
   <object>
      <name>Apple</name>
      <pose>Unspecified</pose>
      <truncated>0</truncated>
      <difficult>0</difficult>
      <bndbox>
         <xmin>327</xmin>
         <ymin>573</ymin>
         <xmax>235</xmax>
         <ymax>660</ymax>
      </bndbox>
   </object>
   <object>
      <name>Apple</name>
      <pose>Unspecified</pose>
      <truncated>0</truncated>
      <difficult>0</difficult>
      <bndbox>
         <xmin>397</xmin>
         <ymin>815</ymin>
         <xmax>309</xmax>
         <ymax>911</ymax>
      </bndbox>
   </object>
   <object>
      <name>Apple</name>
      <pose>Unspecified</pose>
      <truncated>0</truncated>
      <difficult>0</difficult>
      <bndbox>
         <xmin>494</xmin>
         <ymin>728</ymin>
         <xmax>405</xmax>
         <ymax>796</ymax>
      </bndbox>
   </object>
   <object>
      <name>Apple</name>
      <pose>Unspecified</pose>
      <truncated>0</truncated>
      <difficult>0</difficult>
      <bndbox>
         <xmin>1010</xmin>
         <ymin>786</ymin>
         <xmax>932</xmax>
         <ymax>873</ymax>
      </bndbox>
   </object>
   <object>
      <name>Apple</name>
      <pose>Unspecified</pose>
      <truncated>0</truncated>
      <difficult>0</difficult>
      <bndbox>
         <xmin>973</xmin>
         <ymin>863</ymin>
         <xmax>890</xmax>
         <ymax>955</ymax>
      </bndbox>
   </object>
   <object>
      <name>Apple</name>
      <pose>Unspecified</pose>
      <truncated>0</truncated>
      <difficult>0</difficult>
      <bndbox>
         <xmin>833</xmin>
         <ymin>766</ymin>
         <xmax>744</xmax>
         <ymax>866</ymax>
      </bndbox>
   </object>
   <object>
      <name>Apple</name>
      <pose>Unspecified</pose>
      <truncated>0</truncated>
      <difficult>0</difficult>
      <bndbox>
         <xmin>881</xmin>
         <ymin>807</ymin>
         <xmax>800</xmax>
         <ymax>914</ymax>
      </bndbox>
   </object>
   <object>
      <name>Apple</name>
      <pose>Unspecified</pose>
      <truncated>0</truncated>
      <difficult>0</difficult>
      <bndbox>
         <xmin>734</xmin>
         <ymin>612</ymin>
         <xmax>673</xmax>
         <ymax>674</ymax>
      </bndbox>
   </object>
   <object>
      <name>Apple</name>
      <pose>Unspecified</pose>
      <truncated>0</truncated>
      <difficult>0</difficult>
      <bndbox>
         <xmin>692</xmin>
         <ymin>669</ymin>
         <xmax>611</xmax>
         <ymax>744</ymax>
      </bndbox>
   </object>
   <object>
      <name>Apple</name>
      <pose>Unspecified</pose>
      <truncated>0</truncated>
      <difficult>0</difficult>
      <bndbox>
         <xmin>644</xmin>
         <ymin>743</ymin>
         <xmax>552</xmax>
         <ymax>838</ymax>
      </bndbox>
   </object>
</annotation>