<annotation>
	<folder>PCDCol-1920 DisThr</folder>
	<filename>ImgR1-T10-DisThrRGB.jpg</filename>
	<path>C:/Users/pj/Desktop/苹果标记数据/20181126/PCDCol-1920 DisThr/ImgR1-T10-DisThrRGB.jpg</path>
	<source>
		<database>Unknown</database>
	</source>
	<size>
		<width>1920</width>
		<height>1080</height>
		<depth>3</depth>
	</size>
	<segmented>0</segmented>
	<object>
		<name>Apple</name>
		<pose>Unspecified</pose>
		<truncated>0</truncated>
		<difficult>0</difficult>
		<bndbox>
			<xmin>773</xmin>
			<ymin>114</ymin>
			<xmax>854</xmax>
			<ymax>198</ymax>
		</bndbox>
	</object>
	<object>
		<name>Apple</name>
		<pose>Unspecified</pose>
		<truncated>0</truncated>
		<difficult>0</difficult>
		<bndbox>
			<xmin>973</xmin>
			<ymin>158</ymin>
			<xmax>1034</xmax>
			<ymax>220</ymax>
		</bndbox>
	</object>
	<object>
		<name>Apple</name>
		<pose>Unspecified</pose>
		<truncated>0</truncated>
		<difficult>0</difficult>
		<bndbox>
			<xmin>745</xmin>
			<ymin>198</ymin>
			<xmax>806</xmax>
			<ymax>274</ymax>
		</bndbox>
	</object>
	<object>
		<name>Apple</name>
		<pose>Unspecified</pose>
		<truncated>0</truncated>
		<difficult>0</difficult>
		<bndbox>
			<xmin>769</xmin>
			<ymin>286</ymin>
			<xmax>855</xmax>
			<ymax>362</ymax>
		</bndbox>
	</object>
	<object>
		<name>Apple</name>
		<pose>Unspecified</pose>
		<truncated>0</truncated>
		<difficult>0</difficult>
		<bndbox>
			<xmin>602</xmin>
			<ymin>150</ymin>
			<xmax>696</xmax>
			<ymax>235</ymax>
		</bndbox>
	</object>
	<object>
		<name>Apple</name>
		<pose>Unspecified</pose>
		<truncated>0</truncated>
		<difficult>0</difficult>
		<bndbox>
			<xmin>342</xmin>
			<ymin>207</ymin>
			<xmax>415</xmax>
			<ymax>282</ymax>
		</bndbox>
	</object>
	<object>
		<name>Apple</name>
		<pose>Unspecified</pose>
		<truncated>0</truncated>
		<difficult>0</difficult>
		<bndbox>
			<xmin>469</xmin>
			<ymin>266</ymin>
			<xmax>549</xmax>
			<ymax>347</ymax>
		</bndbox>
	</object>
	<object>
		<name>Apple</name>
		<pose>Unspecified</pose>
		<truncated>0</truncated>
		<difficult>0</difficult>
		<bndbox>
			<xmin>530</xmin>
			<ymin>203</ymin>
			<xmax>595</xmax>
			<ymax>266</ymax>
		</bndbox>
	</object>
	<object>
		<name>Apple</name>
		<pose>Unspecified</pose>
		<truncated>0</truncated>
		<difficult>0</difficult>
		<bndbox>
			<xmin>219</xmin>
			<ymin>355</ymin>
			<xmax>304</xmax>
			<ymax>433</ymax>
		</bndbox>
	</object>
	<object>
		<name>Apple</name>
		<pose>Unspecified</pose>
		<truncated>0</truncated>
		<difficult>0</difficult>
		<bndbox>
			<xmin>172</xmin>
			<ymin>383</ymin>
			<xmax>240</xmax>
			<ymax>449</ymax>
		</bndbox>
	</object>
	<object>
		<name>Apple</name>
		<pose>Unspecified</pose>
		<truncated>0</truncated>
		<difficult>0</difficult>
		<bndbox>
			<xmin>396</xmin>
			<ymin>407</ymin>
			<xmax>472</xmax>
			<ymax>474</ymax>
		</bndbox>
	</object>
	<object>
		<name>Apple</name>
		<pose>Unspecified</pose>
		<truncated>0</truncated>
		<difficult>0</difficult>
		<bndbox>
			<xmin>471</xmin>
			<ymin>397</ymin>
			<xmax>544</xmax>
			<ymax>466</ymax>
		</bndbox>
	</object>
	<object>
		<name>Apple</name>
		<pose>Unspecified</pose>
		<truncated>0</truncated>
		<difficult>0</difficult>
		<bndbox>
			<xmin>712</xmin>
			<ymin>515</ymin>
			<xmax>796</xmax>
			<ymax>602</ymax>
		</bndbox>
	</object>
	<object>
		<name>Apple</name>
		<pose>Unspecified</pose>
		<truncated>0</truncated>
		<difficult>0</difficult>
		<bndbox>
			<xmin>649</xmin>
			<ymin>538</ymin>
			<xmax>720</xmax>
			<ymax>612</ymax>
		</bndbox>
	</object>
	<object>
		<name>Apple</name>
		<pose>Unspecified</pose>
		<truncated>0</truncated>
		<difficult>0</difficult>
		<bndbox>
			<xmin>361</xmin>
			<ymin>633</ymin>
			<xmax>429</xmax>
			<ymax>695</ymax>
		</bndbox>
	</object>
	<object>
		<name>Apple</name>
		<pose>Unspecified</pose>
		<truncated>0</truncated>
		<difficult>0</difficult>
		<bndbox>
			<xmin>286</xmin>
			<ymin>645</ymin>
			<xmax>359</xmax>
			<ymax>710</ymax>
		</bndbox>
	</object>
	<object>
		<name>Apple</name>
		<pose>Unspecified</pose>
		<truncated>0</truncated>
		<difficult>0</difficult>
		<bndbox>
			<xmin>149</xmin>
			<ymin>741</ymin>
			<xmax>231</xmax>
			<ymax>816</ymax>
		</bndbox>
	</object>
	<object>
		<name>Apple</name>
		<pose>Unspecified</pose>
		<truncated>0</truncated>
		<difficult>0</difficult>
		<bndbox>
			<xmin>338</xmin>
			<ymin>762</ymin>
			<xmax>405</xmax>
			<ymax>821</ymax>
		</bndbox>
	</object>
	<object>
		<name>Apple</name>
		<pose>Unspecified</pose>
		<truncated>0</truncated>
		<difficult>0</difficult>
		<bndbox>
			<xmin>418</xmin>
			<ymin>807</ymin>
			<xmax>500</xmax>
			<ymax>890</ymax>
		</bndbox>
	</object>
	<object>
		<name>Apple</name>
		<pose>Unspecified</pose>
		<truncated>0</truncated>
		<difficult>0</difficult>
		<bndbox>
			<xmin>657</xmin>
			<ymin>843</ymin>
			<xmax>723</xmax>
			<ymax>915</ymax>
		</bndbox>
	</object>
	<object>
		<name>Apple</name>
		<pose>Unspecified</pose>
		<truncated>0</truncated>
		<difficult>0</difficult>
		<bndbox>
			<xmin>682</xmin>
			<ymin>911</ymin>
			<xmax>759</xmax>
			<ymax>991</ymax>
		</bndbox>
	</object>
	<object>
		<name>Apple</name>
		<pose>Unspecified</pose>
		<truncated>0</truncated>
		<difficult>0</difficult>
		<bndbox>
			<xmin>561</xmin>
			<ymin>936</ymin>
			<xmax>652</xmax>
			<ymax>1028</ymax>
		</bndbox>
	</object>
	<object>
		<name>Apple</name>
		<pose>Unspecified</pose>
		<truncated>0</truncated>
		<difficult>0</difficult>
		<bndbox>
			<xmin>682</xmin>
			<ymin>667</ymin>
			<xmax>753</xmax>
			<ymax>741</ymax>
		</bndbox>
	</object>
	<object>
		<name>Apple</name>
		<pose>Unspecified</pose>
		<truncated>0</truncated>
		<difficult>0</difficult>
		<bndbox>
			<xmin>859</xmin>
			<ymin>771</ymin>
			<xmax>929</xmax>
			<ymax>847</ymax>
		</bndbox>
	</object>
	<object>
		<name>Apple</name>
		<pose>Unspecified</pose>
		<truncated>0</truncated>
		<difficult>0</difficult>
		<bndbox>
			<xmin>1247</xmin>
			<ymin>306</ymin>
			<xmax>1333</xmax>
			<ymax>372</ymax>
		</bndbox>
	</object>
	<object>
		<name>Apple</name>
		<pose>Unspecified</pose>
		<truncated>0</truncated>
		<difficult>0</difficult>
		<bndbox>
			<xmin>1501</xmin>
			<ymin>136</ymin>
			<xmax>1568</xmax>
			<ymax>216</ymax>
		</bndbox>
	</object>
	<object>
		<name>Apple</name>
		<pose>Unspecified</pose>
		<truncated>0</truncated>
		<difficult>0</difficult>
		<bndbox>
			<xmin>1482</xmin>
			<ymin>250</ymin>
			<xmax>1543</xmax>
			<ymax>321</ymax>
		</bndbox>
	</object>
	<object>
		<name>Apple</name>
		<pose>Unspecified</pose>
		<truncated>0</truncated>
		<difficult>0</difficult>
		<bndbox>
			<xmin>1524</xmin>
			<ymin>333</ymin>
			<xmax>1600</xmax>
			<ymax>397</ymax>
		</bndbox>
	</object>
	<object>
		<name>Apple</name>
		<pose>Unspecified</pose>
		<truncated>0</truncated>
		<difficult>0</difficult>
		<bndbox>
			<xmin>1590</xmin>
			<ymin>387</ymin>
			<xmax>1663</xmax>
			<ymax>459</ymax>
		</bndbox>
	</object>
	<object>
		<name>Apple</name>
		<pose>Unspecified</pose>
		<truncated>0</truncated>
		<difficult>0</difficult>
		<bndbox>
			<xmin>1626</xmin>
			<ymin>487</ymin>
			<xmax>1693</xmax>
			<ymax>543</ymax>
		</bndbox>
	</object>
	<object>
		<name>Apple</name>
		<pose>Unspecified</pose>
		<truncated>0</truncated>
		<difficult>0</difficult>
		<bndbox>
			<xmin>1401</xmin>
			<ymin>648</ymin>
			<xmax>1480</xmax>
			<ymax>725</ymax>
		</bndbox>
	</object>
</annotation>
