<?xml version="1.0" encoding="utf-8"?>
<annotation>
   <folder>PCDCol-1920 DisThr</folder>
   <filename>horizontal-ImgR1-T28-DisThrRGB.jpg</filename>
   <path>C:/Users/pj/Desktop/苹果标记数据/20181126/PCDCol-1920 DisThr/ImgR1-T28-DisThrRGB.jpg</path>
   <source>
      <database>Unknown</database>
   </source>
   <size>
      <width>1920</width>
      <height>1080</height>
      <depth>3</depth>
   </size>
   <segmented>0</segmented>
   <object>
      <name>Apple</name>
      <pose>Unspecified</pose>
      <truncated>0</truncated>
      <difficult>0</difficult>
      <bndbox>
         <xmin>1713</xmin>
         <ymin>253</ymin>
         <xmax>1633</xmax>
         <ymax>320</ymax>
      </bndbox>
   </object>
   <object>
      <name>Apple</name>
      <pose>Unspecified</pose>
      <truncated>0</truncated>
      <difficult>0</difficult>
      <bndbox>
         <xmin>1581</xmin>
         <ymin>331</ymin>
         <xmax>1494</xmax>
         <ymax>420</ymax>
      </bndbox>
   </object>
   <object>
      <name>Apple</name>
      <pose>Unspecified</pose>
      <truncated>0</truncated>
      <difficult>0</difficult>
      <bndbox>
         <xmin>1643</xmin>
         <ymin>396</ymin>
         <xmax>1558</xmax>
         <ymax>466</ymax>
      </bndbox>
   </object>
   <object>
      <name>Apple</name>
      <pose>Unspecified</pose>
      <truncated>0</truncated>
      <difficult>0</difficult>
      <bndbox>
         <xmin>1506</xmin>
         <ymin>379</ymin>
         <xmax>1429</xmax>
         <ymax>454</ymax>
      </bndbox>
   </object>
   <object>
      <name>Apple</name>
      <pose>Unspecified</pose>
      <truncated>0</truncated>
      <difficult>0</difficult>
      <bndbox>
         <xmin>1568</xmin>
         <ymin>241</ymin>
         <xmax>1496</xmax>
         <ymax>298</ymax>
      </bndbox>
   </object>
   <object>
      <name>Apple</name>
      <pose>Unspecified</pose>
      <truncated>0</truncated>
      <difficult>0</difficult>
      <bndbox>
         <xmin>1457</xmin>
         <ymin>290</ymin>
         <xmax>1380</xmax>
         <ymax>369</ymax>
      </bndbox>
   </object>
   <object>
      <name>Apple</name>
      <pose>Unspecified</pose>
      <truncated>0</truncated>
      <difficult>0</difficult>
      <bndbox>
         <xmin>1389</xmin>
         <ymin>391</ymin>
         <xmax>1320</xmax>
         <ymax>459</ymax>
      </bndbox>
   </object>
   <object>
      <name>Apple</name>
      <pose>Unspecified</pose>
      <truncated>0</truncated>
      <difficult>0</difficult>
      <bndbox>
         <xmin>1753</xmin>
         <ymin>540</ymin>
         <xmax>1682</xmax>
         <ymax>607</ymax>
      </bndbox>
   </object>
   <object>
      <name>Apple</name>
      <pose>Unspecified</pose>
      <truncated>0</truncated>
      <difficult>0</difficult>
      <bndbox>
         <xmin>1646</xmin>
         <ymin>678</ymin>
         <xmax>1585</xmax>
         <ymax>736</ymax>
      </bndbox>
   </object>
   <object>
      <name>Apple</name>
      <pose>Unspecified</pose>
      <truncated>0</truncated>
      <difficult>0</difficult>
      <bndbox>
         <xmin>1443</xmin>
         <ymin>684</ymin>
         <xmax>1394</xmax>
         <ymax>739</ymax>
      </bndbox>
   </object>
   <object>
      <name>Apple</name>
      <pose>Unspecified</pose>
      <truncated>0</truncated>
      <difficult>0</difficult>
      <bndbox>
         <xmin>1715</xmin>
         <ymin>824</ymin>
         <xmax>1639</xmax>
         <ymax>895</ymax>
      </bndbox>
   </object>
   <object>
      <name>Apple</name>
      <pose>Unspecified</pose>
      <truncated>0</truncated>
      <difficult>0</difficult>
      <bndbox>
         <xmin>1237</xmin>
         <ymin>702</ymin>
         <xmax>1175</xmax>
         <ymax>771</ymax>
      </bndbox>
   </object>
   <object>
      <name>Apple</name>
      <pose>Unspecified</pose>
      <truncated>0</truncated>
      <difficult>0</difficult>
      <bndbox>
         <xmin>1177</xmin>
         <ymin>672</ymin>
         <xmax>1124</xmax>
         <ymax>728</ymax>
      </bndbox>
   </object>
   <object>
      <name>Apple</name>
      <pose>Unspecified</pose>
      <truncated>0</truncated>
      <difficult>0</difficult>
      <bndbox>
         <xmin>1124</xmin>
         <ymin>663</ymin>
         <xmax>1067</xmax>
         <ymax>720</ymax>
      </bndbox>
   </object>
   <object>
      <name>Apple</name>
      <pose>Unspecified</pose>
      <truncated>0</truncated>
      <difficult>0</difficult>
      <bndbox>
         <xmin>1119</xmin>
         <ymin>801</ymin>
         <xmax>1058</xmax>
         <ymax>866</ymax>
      </bndbox>
   </object>
   <object>
      <name>Apple</name>
      <pose>Unspecified</pose>
      <truncated>0</truncated>
      <difficult>0</difficult>
      <bndbox>
         <xmin>1091</xmin>
         <ymin>430</ymin>
         <xmax>1029</xmax>
         <ymax>496</ymax>
      </bndbox>
   </object>
   <object>
      <name>Apple</name>
      <pose>Unspecified</pose>
      <truncated>0</truncated>
      <difficult>0</difficult>
      <bndbox>
         <xmin>1030</xmin>
         <ymin>314</ymin>
         <xmax>963</xmax>
         <ymax>377</ymax>
      </bndbox>
   </object>
   <object>
      <name>Apple</name>
      <pose>Unspecified</pose>
      <truncated>0</truncated>
      <difficult>0</difficult>
      <bndbox>
         <xmin>813</xmin>
         <ymin>178</ymin>
         <xmax>754</xmax>
         <ymax>231</ymax>
      </bndbox>
   </object>
   <object>
      <name>Apple</name>
      <pose>Unspecified</pose>
      <truncated>0</truncated>
      <difficult>0</difficult>
      <bndbox>
         <xmin>968</xmin>
         <ymin>282</ymin>
         <xmax>891</xmax>
         <ymax>353</ymax>
      </bndbox>
   </object>
   <object>
      <name>Apple</name>
      <pose>Unspecified</pose>
      <truncated>0</truncated>
      <difficult>0</difficult>
      <bndbox>
         <xmin>909</xmin>
         <ymin>358</ymin>
         <xmax>834</xmax>
         <ymax>438</ymax>
      </bndbox>
   </object>
   <object>
      <name>Apple</name>
      <pose>Unspecified</pose>
      <truncated>0</truncated>
      <difficult>0</difficult>
      <bndbox>
         <xmin>781</xmin>
         <ymin>382</ymin>
         <xmax>704</xmax>
         <ymax>452</ymax>
      </bndbox>
   </object>
   <object>
      <name>Apple</name>
      <pose>Unspecified</pose>
      <truncated>0</truncated>
      <difficult>0</difficult>
      <bndbox>
         <xmin>729</xmin>
         <ymin>336</ymin>
         <xmax>663</xmax>
         <ymax>395</ymax>
      </bndbox>
   </object>
   <object>
      <name>Apple</name>
      <pose>Unspecified</pose>
      <truncated>0</truncated>
      <difficult>0</difficult>
      <bndbox>
         <xmin>943</xmin>
         <ymin>576</ymin>
         <xmax>897</xmax>
         <ymax>625</ymax>
      </bndbox>
   </object>
   <object>
      <name>Apple</name>
      <pose>Unspecified</pose>
      <truncated>0</truncated>
      <difficult>0</difficult>
      <bndbox>
         <xmin>889</xmin>
         <ymin>639</ymin>
         <xmax>835</xmax>
         <ymax>690</ymax>
      </bndbox>
   </object>
   <object>
      <name>Apple</name>
      <pose>Unspecified</pose>
      <truncated>0</truncated>
      <difficult>0</difficult>
      <bndbox>
         <xmin>951</xmin>
         <ymin>752</ymin>
         <xmax>894</xmax>
         <ymax>796</ymax>
      </bndbox>
   </object>
   <object>
      <name>Apple</name>
      <pose>Unspecified</pose>
      <truncated>0</truncated>
      <difficult>0</difficult>
      <bndbox>
         <xmin>954</xmin>
         <ymin>1017</ymin>
         <xmax>895</xmax>
         <ymax>1076</ymax>
      </bndbox>
   </object>
   <object>
      <name>Apple</name>
      <pose>Unspecified</pose>
      <truncated>0</truncated>
      <difficult>0</difficult>
      <bndbox>
         <xmin>844</xmin>
         <ymin>848</ymin>
         <xmax>775</xmax>
         <ymax>925</ymax>
      </bndbox>
   </object>
   <object>
      <name>Apple</name>
      <pose>Unspecified</pose>
      <truncated>1</truncated>
      <difficult>0</difficult>
      <bndbox>
         <xmin>624</xmin>
         <ymin>1</ymin>
         <xmax>545</xmax>
         <ymax>49</ymax>
      </bndbox>
   </object>
   <object>
      <name>Apple</name>
      <pose>Unspecified</pose>
      <truncated>0</truncated>
      <difficult>0</difficult>
      <bndbox>
         <xmin>675</xmin>
         <ymin>844</ymin>
         <xmax>608</xmax>
         <ymax>924</ymax>
      </bndbox>
   </object>
   <object>
      <name>Apple</name>
      <pose>Unspecified</pose>
      <truncated>0</truncated>
      <difficult>0</difficult>
      <bndbox>
         <xmin>597</xmin>
         <ymin>949</ymin>
         <xmax>533</xmax>
         <ymax>1011</ymax>
      </bndbox>
   </object>
   <object>
      <name>Apple</name>
      <pose>Unspecified</pose>
      <truncated>0</truncated>
      <difficult>0</difficult>
      <bndbox>
         <xmin>556</xmin>
         <ymin>878</ymin>
         <xmax>500</xmax>
         <ymax>939</ymax>
      </bndbox>
   </object>
   <object>
      <name>Apple</name>
      <pose>Unspecified</pose>
      <truncated>0</truncated>
      <difficult>0</difficult>
      <bndbox>
         <xmin>597</xmin>
         <ymin>747</ymin>
         <xmax>530</xmax>
         <ymax>812</ymax>
      </bndbox>
   </object>
   <object>
      <name>Apple</name>
      <pose>Unspecified</pose>
      <truncated>0</truncated>
      <difficult>0</difficult>
      <bndbox>
         <xmin>519</xmin>
         <ymin>688</ymin>
         <xmax>454</xmax>
         <ymax>750</ymax>
      </bndbox>
   </object>
   <object>
      <name>Apple</name>
      <pose>Unspecified</pose>
      <truncated>0</truncated>
      <difficult>0</difficult>
      <bndbox>
         <xmin>434</xmin>
         <ymin>650</ymin>
         <xmax>367</xmax>
         <ymax>710</ymax>
      </bndbox>
   </object>
   <object>
      <name>Apple</name>
      <pose>Unspecified</pose>
      <truncated>0</truncated>
      <difficult>0</difficult>
      <bndbox>
         <xmin>333</xmin>
         <ymin>259</ymin>
         <xmax>265</xmax>
         <ymax>326</ymax>
      </bndbox>
   </object>
   <object>
      <name>Apple</name>
      <pose>Unspecified</pose>
      <truncated>0</truncated>
      <difficult>0</difficult>
      <bndbox>
         <xmin>524</xmin>
         <ymin>320</ymin>
         <xmax>452</xmax>
         <ymax>374</ymax>
      </bndbox>
   </object>
   <object>
      <name>Apple</name>
      <pose>Unspecified</pose>
      <truncated>0</truncated>
      <difficult>0</difficult>
      <bndbox>
         <xmin>513</xmin>
         <ymin>362</ymin>
         <xmax>444</xmax>
         <ymax>412</ymax>
      </bndbox>
   </object>
   <object>
      <name>Apple</name>
      <pose>Unspecified</pose>
      <truncated>0</truncated>
      <difficult>0</difficult>
      <bndbox>
         <xmin>421</xmin>
         <ymin>320</ymin>
         <xmax>357</xmax>
         <ymax>368</ymax>
      </bndbox>
   </object>
   <object>
      <name>Apple</name>
      <pose>Unspecified</pose>
      <truncated>0</truncated>
      <difficult>0</difficult>
      <bndbox>
         <xmin>310</xmin>
         <ymin>333</ymin>
         <xmax>257</xmax>
         <ymax>384</ymax>
      </bndbox>
   </object>
   <object>
      <name>Apple</name>
      <pose>Unspecified</pose>
      <truncated>0</truncated>
      <difficult>0</difficult>
      <bndbox>
         <xmin>285</xmin>
         <ymin>421</ymin>
         <xmax>225</xmax>
         <ymax>477</ymax>
      </bndbox>
   </object>
   <object>
      <name>Apple</name>
      <pose>Unspecified</pose>
      <truncated>0</truncated>
      <difficult>0</difficult>
      <bndbox>
         <xmin>582</xmin>
         <ymin>434</ymin>
         <xmax>521</xmax>
         <ymax>490</ymax>
      </bndbox>
   </object>
   <object>
      <name>Apple</name>
      <pose>Unspecified</pose>
      <truncated>0</truncated>
      <difficult>0</difficult>
      <bndbox>
         <xmin>505</xmin>
         <ymin>454</ymin>
         <xmax>457</xmax>
         <ymax>510</ymax>
      </bndbox>
   </object>
</annotation>