<?xml version="1.0" encoding="utf-8"?>
<annotation>
   <folder>PCDCol-1920 DisThr</folder>
   <filename>horizontal-ImgR1-T7-DisThrRGB.jpg</filename>
   <path>C:/Users/pj/Desktop/苹果标记数据/20181126/PCDCol-1920 DisThr/ImgR1-T7-DisThrRGB.jpg</path>
   <source>
      <database>Unknown</database>
   </source>
   <size>
      <width>1920</width>
      <height>1080</height>
      <depth>3</depth>
   </size>
   <segmented>0</segmented>
   <object>
      <name>Apple</name>
      <pose>Unspecified</pose>
      <truncated>0</truncated>
      <difficult>0</difficult>
      <bndbox>
         <xmin>1727</xmin>
         <ymin>47</ymin>
         <xmax>1643</xmax>
         <ymax>125</ymax>
      </bndbox>
   </object>
   <object>
      <name>Apple</name>
      <pose>Unspecified</pose>
      <truncated>0</truncated>
      <difficult>0</difficult>
      <bndbox>
         <xmin>1752</xmin>
         <ymin>126</ymin>
         <xmax>1662</xmax>
         <ymax>209</ymax>
      </bndbox>
   </object>
   <object>
      <name>Apple</name>
      <pose>Unspecified</pose>
      <truncated>0</truncated>
      <difficult>0</difficult>
      <bndbox>
         <xmin>1728</xmin>
         <ymin>287</ymin>
         <xmax>1639</xmax>
         <ymax>363</ymax>
      </bndbox>
   </object>
   <object>
      <name>Apple</name>
      <pose>Unspecified</pose>
      <truncated>0</truncated>
      <difficult>0</difficult>
      <bndbox>
         <xmin>1478</xmin>
         <ymin>267</ymin>
         <xmax>1408</xmax>
         <ymax>335</ymax>
      </bndbox>
   </object>
   <object>
      <name>Apple</name>
      <pose>Unspecified</pose>
      <truncated>0</truncated>
      <difficult>0</difficult>
      <bndbox>
         <xmin>1448</xmin>
         <ymin>321</ymin>
         <xmax>1382</xmax>
         <ymax>372</ymax>
      </bndbox>
   </object>
   <object>
      <name>Apple</name>
      <pose>Unspecified</pose>
      <truncated>0</truncated>
      <difficult>0</difficult>
      <bndbox>
         <xmin>1523</xmin>
         <ymin>364</ymin>
         <xmax>1452</xmax>
         <ymax>433</ymax>
      </bndbox>
   </object>
   <object>
      <name>Apple</name>
      <pose>Unspecified</pose>
      <truncated>0</truncated>
      <difficult>0</difficult>
      <bndbox>
         <xmin>1237</xmin>
         <ymin>60</ymin>
         <xmax>1163</xmax>
         <ymax>138</ymax>
      </bndbox>
   </object>
   <object>
      <name>Apple</name>
      <pose>Unspecified</pose>
      <truncated>0</truncated>
      <difficult>0</difficult>
      <bndbox>
         <xmin>1299</xmin>
         <ymin>86</ymin>
         <xmax>1232</xmax>
         <ymax>166</ymax>
      </bndbox>
   </object>
   <object>
      <name>Apple</name>
      <pose>Unspecified</pose>
      <truncated>0</truncated>
      <difficult>0</difficult>
      <bndbox>
         <xmin>1247</xmin>
         <ymin>211</ymin>
         <xmax>1182</xmax>
         <ymax>277</ymax>
      </bndbox>
   </object>
   <object>
      <name>Apple</name>
      <pose>Unspecified</pose>
      <truncated>0</truncated>
      <difficult>0</difficult>
      <bndbox>
         <xmin>1109</xmin>
         <ymin>29</ymin>
         <xmax>1044</xmax>
         <ymax>105</ymax>
      </bndbox>
   </object>
   <object>
      <name>Apple</name>
      <pose>Unspecified</pose>
      <truncated>0</truncated>
      <difficult>0</difficult>
      <bndbox>
         <xmin>1114</xmin>
         <ymin>101</ymin>
         <xmax>1054</xmax>
         <ymax>166</ymax>
      </bndbox>
   </object>
   <object>
      <name>Apple</name>
      <pose>Unspecified</pose>
      <truncated>0</truncated>
      <difficult>0</difficult>
      <bndbox>
         <xmin>880</xmin>
         <ymin>83</ymin>
         <xmax>819</xmax>
         <ymax>147</ymax>
      </bndbox>
   </object>
   <object>
      <name>Apple</name>
      <pose>Unspecified</pose>
      <truncated>0</truncated>
      <difficult>0</difficult>
      <bndbox>
         <xmin>824</xmin>
         <ymin>103</ymin>
         <xmax>756</xmax>
         <ymax>182</ymax>
      </bndbox>
   </object>
   <object>
      <name>Apple</name>
      <pose>Unspecified</pose>
      <truncated>0</truncated>
      <difficult>0</difficult>
      <bndbox>
         <xmin>932</xmin>
         <ymin>197</ymin>
         <xmax>865</xmax>
         <ymax>262</ymax>
      </bndbox>
   </object>
   <object>
      <name>Apple</name>
      <pose>Unspecified</pose>
      <truncated>0</truncated>
      <difficult>0</difficult>
      <bndbox>
         <xmin>992</xmin>
         <ymin>183</ymin>
         <xmax>942</xmax>
         <ymax>236</ymax>
      </bndbox>
   </object>
   <object>
      <name>Apple</name>
      <pose>Unspecified</pose>
      <truncated>0</truncated>
      <difficult>0</difficult>
      <bndbox>
         <xmin>804</xmin>
         <ymin>315</ymin>
         <xmax>746</xmax>
         <ymax>381</ymax>
      </bndbox>
   </object>
   <object>
      <name>Apple</name>
      <pose>Unspecified</pose>
      <truncated>0</truncated>
      <difficult>0</difficult>
      <bndbox>
         <xmin>597</xmin>
         <ymin>248</ymin>
         <xmax>540</xmax>
         <ymax>310</ymax>
      </bndbox>
   </object>
   <object>
      <name>Apple</name>
      <pose>Unspecified</pose>
      <truncated>0</truncated>
      <difficult>0</difficult>
      <bndbox>
         <xmin>432</xmin>
         <ymin>103</ymin>
         <xmax>347</xmax>
         <ymax>182</ymax>
      </bndbox>
   </object>
   <object>
      <name>Apple</name>
      <pose>Unspecified</pose>
      <truncated>0</truncated>
      <difficult>0</difficult>
      <bndbox>
         <xmin>506</xmin>
         <ymin>183</ymin>
         <xmax>434</xmax>
         <ymax>255</ymax>
      </bndbox>
   </object>
   <object>
      <name>Apple</name>
      <pose>Unspecified</pose>
      <truncated>0</truncated>
      <difficult>0</difficult>
      <bndbox>
         <xmin>466</xmin>
         <ymin>253</ymin>
         <xmax>397</xmax>
         <ymax>322</ymax>
      </bndbox>
   </object>
   <object>
      <name>Apple</name>
      <pose>Unspecified</pose>
      <truncated>0</truncated>
      <difficult>0</difficult>
      <bndbox>
         <xmin>358</xmin>
         <ymin>136</ymin>
         <xmax>290</xmax>
         <ymax>209</ymax>
      </bndbox>
   </object>
   <object>
      <name>Apple</name>
      <pose>Unspecified</pose>
      <truncated>0</truncated>
      <difficult>0</difficult>
      <bndbox>
         <xmin>292</xmin>
         <ymin>148</ymin>
         <xmax>223</xmax>
         <ymax>236</ymax>
      </bndbox>
   </object>
   <object>
      <name>Apple</name>
      <pose>Unspecified</pose>
      <truncated>0</truncated>
      <difficult>0</difficult>
      <bndbox>
         <xmin>1724</xmin>
         <ymin>660</ymin>
         <xmax>1643</xmax>
         <ymax>724</ymax>
      </bndbox>
   </object>
   <object>
      <name>Apple</name>
      <pose>Unspecified</pose>
      <truncated>0</truncated>
      <difficult>0</difficult>
      <bndbox>
         <xmin>1689</xmin>
         <ymin>757</ymin>
         <xmax>1602</xmax>
         <ymax>825</ymax>
      </bndbox>
   </object>
   <object>
      <name>Apple</name>
      <pose>Unspecified</pose>
      <truncated>0</truncated>
      <difficult>0</difficult>
      <bndbox>
         <xmin>1514</xmin>
         <ymin>778</ymin>
         <xmax>1432</xmax>
         <ymax>855</ymax>
      </bndbox>
   </object>
   <object>
      <name>Apple</name>
      <pose>Unspecified</pose>
      <truncated>0</truncated>
      <difficult>0</difficult>
      <bndbox>
         <xmin>1286</xmin>
         <ymin>579</ymin>
         <xmax>1216</xmax>
         <ymax>657</ymax>
      </bndbox>
   </object>
   <object>
      <name>Apple</name>
      <pose>Unspecified</pose>
      <truncated>0</truncated>
      <difficult>0</difficult>
      <bndbox>
         <xmin>1228</xmin>
         <ymin>573</ymin>
         <xmax>1162</xmax>
         <ymax>638</ymax>
      </bndbox>
   </object>
   <object>
      <name>Apple</name>
      <pose>Unspecified</pose>
      <truncated>0</truncated>
      <difficult>0</difficult>
      <bndbox>
         <xmin>749</xmin>
         <ymin>540</ymin>
         <xmax>670</xmax>
         <ymax>612</ymax>
      </bndbox>
   </object>
   <object>
      <name>Apple</name>
      <pose>Unspecified</pose>
      <truncated>0</truncated>
      <difficult>0</difficult>
      <bndbox>
         <xmin>646</xmin>
         <ymin>511</ymin>
         <xmax>577</xmax>
         <ymax>573</ymax>
      </bndbox>
   </object>
   <object>
      <name>Apple</name>
      <pose>Unspecified</pose>
      <truncated>0</truncated>
      <difficult>0</difficult>
      <bndbox>
         <xmin>678</xmin>
         <ymin>577</ymin>
         <xmax>599</xmax>
         <ymax>649</ymax>
      </bndbox>
   </object>
   <object>
      <name>Apple</name>
      <pose>Unspecified</pose>
      <truncated>0</truncated>
      <difficult>0</difficult>
      <bndbox>
         <xmin>610</xmin>
         <ymin>603</ymin>
         <xmax>552</xmax>
         <ymax>654</ymax>
      </bndbox>
   </object>
   <object>
      <name>Apple</name>
      <pose>Unspecified</pose>
      <truncated>0</truncated>
      <difficult>0</difficult>
      <bndbox>
         <xmin>370</xmin>
         <ymin>752</ymin>
         <xmax>285</xmax>
         <ymax>833</ymax>
      </bndbox>
   </object>
</annotation>