<?xml version="1.0" encoding="utf-8"?>
<annotation>
   <folder>PCDCol-1920 DisThr</folder>
   <filename>horizontal-ImgR1-T22-DisThrRGB.jpg</filename>
   <path>C:/Users/pj/Desktop/苹果标记数据/20181126/PCDCol-1920 DisThr/ImgR1-T22-DisThrRGB.jpg</path>
   <source>
      <database>Unknown</database>
   </source>
   <size>
      <width>1920</width>
      <height>1080</height>
      <depth>3</depth>
   </size>
   <segmented>0</segmented>
   <object>
      <name>Apple</name>
      <pose>Unspecified</pose>
      <truncated>0</truncated>
      <difficult>0</difficult>
      <bndbox>
         <xmin>1278</xmin>
         <ymin>182</ymin>
         <xmax>1223</xmax>
         <ymax>231</ymax>
      </bndbox>
   </object>
   <object>
      <name>Apple</name>
      <pose>Unspecified</pose>
      <truncated>0</truncated>
      <difficult>0</difficult>
      <bndbox>
         <xmin>1683</xmin>
         <ymin>267</ymin>
         <xmax>1601</xmax>
         <ymax>334</ymax>
      </bndbox>
   </object>
   <object>
      <name>Apple</name>
      <pose>Unspecified</pose>
      <truncated>0</truncated>
      <difficult>0</difficult>
      <bndbox>
         <xmin>1663</xmin>
         <ymin>366</ymin>
         <xmax>1601</xmax>
         <ymax>430</ymax>
      </bndbox>
   </object>
   <object>
      <name>Apple</name>
      <pose>Unspecified</pose>
      <truncated>0</truncated>
      <difficult>0</difficult>
      <bndbox>
         <xmin>1491</xmin>
         <ymin>276</ymin>
         <xmax>1420</xmax>
         <ymax>343</ymax>
      </bndbox>
   </object>
   <object>
      <name>Apple</name>
      <pose>Unspecified</pose>
      <truncated>0</truncated>
      <difficult>0</difficult>
      <bndbox>
         <xmin>1591</xmin>
         <ymin>302</ymin>
         <xmax>1527</xmax>
         <ymax>363</ymax>
      </bndbox>
   </object>
   <object>
      <name>Apple</name>
      <pose>Unspecified</pose>
      <truncated>0</truncated>
      <difficult>0</difficult>
      <bndbox>
         <xmin>1481</xmin>
         <ymin>371</ymin>
         <xmax>1423</xmax>
         <ymax>430</ymax>
      </bndbox>
   </object>
   <object>
      <name>Apple</name>
      <pose>Unspecified</pose>
      <truncated>0</truncated>
      <difficult>0</difficult>
      <bndbox>
         <xmin>1525</xmin>
         <ymin>409</ymin>
         <xmax>1462</xmax>
         <ymax>458</ymax>
      </bndbox>
   </object>
   <object>
      <name>Apple</name>
      <pose>Unspecified</pose>
      <truncated>0</truncated>
      <difficult>0</difficult>
      <bndbox>
         <xmin>1432</xmin>
         <ymin>325</ymin>
         <xmax>1372</xmax>
         <ymax>379</ymax>
      </bndbox>
   </object>
   <object>
      <name>Apple</name>
      <pose>Unspecified</pose>
      <truncated>0</truncated>
      <difficult>0</difficult>
      <bndbox>
         <xmin>1351</xmin>
         <ymin>306</ymin>
         <xmax>1286</xmax>
         <ymax>371</ymax>
      </bndbox>
   </object>
   <object>
      <name>Apple</name>
      <pose>Unspecified</pose>
      <truncated>0</truncated>
      <difficult>0</difficult>
      <bndbox>
         <xmin>1104</xmin>
         <ymin>29</ymin>
         <xmax>1047</xmax>
         <ymax>90</ymax>
      </bndbox>
   </object>
   <object>
      <name>Apple</name>
      <pose>Unspecified</pose>
      <truncated>0</truncated>
      <difficult>0</difficult>
      <bndbox>
         <xmin>1020</xmin>
         <ymin>58</ymin>
         <xmax>966</xmax>
         <ymax>120</ymax>
      </bndbox>
   </object>
   <object>
      <name>Apple</name>
      <pose>Unspecified</pose>
      <truncated>0</truncated>
      <difficult>0</difficult>
      <bndbox>
         <xmin>1052</xmin>
         <ymin>121</ymin>
         <xmax>999</xmax>
         <ymax>169</ymax>
      </bndbox>
   </object>
   <object>
      <name>Apple</name>
      <pose>Unspecified</pose>
      <truncated>0</truncated>
      <difficult>0</difficult>
      <bndbox>
         <xmin>972</xmin>
         <ymin>253</ymin>
         <xmax>911</xmax>
         <ymax>311</ymax>
      </bndbox>
   </object>
   <object>
      <name>Apple</name>
      <pose>Unspecified</pose>
      <truncated>0</truncated>
      <difficult>0</difficult>
      <bndbox>
         <xmin>1744</xmin>
         <ymin>588</ymin>
         <xmax>1696</xmax>
         <ymax>635</ymax>
      </bndbox>
   </object>
   <object>
      <name>Apple</name>
      <pose>Unspecified</pose>
      <truncated>0</truncated>
      <difficult>0</difficult>
      <bndbox>
         <xmin>1704</xmin>
         <ymin>667</ymin>
         <xmax>1642</xmax>
         <ymax>725</ymax>
      </bndbox>
   </object>
   <object>
      <name>Apple</name>
      <pose>Unspecified</pose>
      <truncated>0</truncated>
      <difficult>0</difficult>
      <bndbox>
         <xmin>1734</xmin>
         <ymin>850</ymin>
         <xmax>1691</xmax>
         <ymax>901</ymax>
      </bndbox>
   </object>
   <object>
      <name>Apple</name>
      <pose>Unspecified</pose>
      <truncated>0</truncated>
      <difficult>0</difficult>
      <bndbox>
         <xmin>1418</xmin>
         <ymin>573</ymin>
         <xmax>1368</xmax>
         <ymax>626</ymax>
      </bndbox>
   </object>
   <object>
      <name>Apple</name>
      <pose>Unspecified</pose>
      <truncated>0</truncated>
      <difficult>0</difficult>
      <bndbox>
         <xmin>1539</xmin>
         <ymin>697</ymin>
         <xmax>1482</xmax>
         <ymax>754</ymax>
      </bndbox>
   </object>
   <object>
      <name>Apple</name>
      <pose>Unspecified</pose>
      <truncated>0</truncated>
      <difficult>0</difficult>
      <bndbox>
         <xmin>1453</xmin>
         <ymin>768</ymin>
         <xmax>1386</xmax>
         <ymax>814</ymax>
      </bndbox>
   </object>
   <object>
      <name>Apple</name>
      <pose>Unspecified</pose>
      <truncated>0</truncated>
      <difficult>0</difficult>
      <bndbox>
         <xmin>1547</xmin>
         <ymin>1019</ymin>
         <xmax>1482</xmax>
         <ymax>1069</ymax>
      </bndbox>
   </object>
   <object>
      <name>Apple</name>
      <pose>Unspecified</pose>
      <truncated>0</truncated>
      <difficult>0</difficult>
      <bndbox>
         <xmin>1401</xmin>
         <ymin>1030</ymin>
         <xmax>1348</xmax>
         <ymax>1074</ymax>
      </bndbox>
   </object>
   <object>
      <name>Apple</name>
      <pose>Unspecified</pose>
      <truncated>0</truncated>
      <difficult>0</difficult>
      <bndbox>
         <xmin>1194</xmin>
         <ymin>498</ymin>
         <xmax>1138</xmax>
         <ymax>541</ymax>
      </bndbox>
   </object>
   <object>
      <name>Apple</name>
      <pose>Unspecified</pose>
      <truncated>0</truncated>
      <difficult>0</difficult>
      <bndbox>
         <xmin>1237</xmin>
         <ymin>648</ymin>
         <xmax>1175</xmax>
         <ymax>710</ymax>
      </bndbox>
   </object>
   <object>
      <name>Apple</name>
      <pose>Unspecified</pose>
      <truncated>0</truncated>
      <difficult>0</difficult>
      <bndbox>
         <xmin>1143</xmin>
         <ymin>803</ymin>
         <xmax>1083</xmax>
         <ymax>854</ymax>
      </bndbox>
   </object>
   <object>
      <name>Apple</name>
      <pose>Unspecified</pose>
      <truncated>0</truncated>
      <difficult>0</difficult>
      <bndbox>
         <xmin>1111</xmin>
         <ymin>878</ymin>
         <xmax>1056</xmax>
         <ymax>938</ymax>
      </bndbox>
   </object>
   <object>
      <name>Apple</name>
      <pose>Unspecified</pose>
      <truncated>0</truncated>
      <difficult>0</difficult>
      <bndbox>
         <xmin>1015</xmin>
         <ymin>497</ymin>
         <xmax>963</xmax>
         <ymax>549</ymax>
      </bndbox>
   </object>
   <object>
      <name>Apple</name>
      <pose>Unspecified</pose>
      <truncated>0</truncated>
      <difficult>0</difficult>
      <bndbox>
         <xmin>944</xmin>
         <ymin>297</ymin>
         <xmax>889</xmax>
         <ymax>344</ymax>
      </bndbox>
   </object>
   <object>
      <name>Apple</name>
      <pose>Unspecified</pose>
      <truncated>0</truncated>
      <difficult>0</difficult>
      <bndbox>
         <xmin>834</xmin>
         <ymin>352</ymin>
         <xmax>780</xmax>
         <ymax>412</ymax>
      </bndbox>
   </object>
   <object>
      <name>Apple</name>
      <pose>Unspecified</pose>
      <truncated>0</truncated>
      <difficult>0</difficult>
      <bndbox>
         <xmin>797</xmin>
         <ymin>409</ymin>
         <xmax>737</xmax>
         <ymax>467</ymax>
      </bndbox>
   </object>
   <object>
      <name>Apple</name>
      <pose>Unspecified</pose>
      <truncated>0</truncated>
      <difficult>0</difficult>
      <bndbox>
         <xmin>716</xmin>
         <ymin>155</ymin>
         <xmax>649</xmax>
         <ymax>231</ymax>
      </bndbox>
   </object>
   <object>
      <name>Apple</name>
      <pose>Unspecified</pose>
      <truncated>0</truncated>
      <difficult>0</difficult>
      <bndbox>
         <xmin>715</xmin>
         <ymin>241</ymin>
         <xmax>648</xmax>
         <ymax>310</ymax>
      </bndbox>
   </object>
   <object>
      <name>Apple</name>
      <pose>Unspecified</pose>
      <truncated>0</truncated>
      <difficult>0</difficult>
      <bndbox>
         <xmin>659</xmin>
         <ymin>258</ymin>
         <xmax>609</xmax>
         <ymax>315</ymax>
      </bndbox>
   </object>
   <object>
      <name>Apple</name>
      <pose>Unspecified</pose>
      <truncated>0</truncated>
      <difficult>0</difficult>
      <bndbox>
         <xmin>421</xmin>
         <ymin>150</ymin>
         <xmax>356</xmax>
         <ymax>216</ymax>
      </bndbox>
   </object>
   <object>
      <name>Apple</name>
      <pose>Unspecified</pose>
      <truncated>0</truncated>
      <difficult>0</difficult>
      <bndbox>
         <xmin>337</xmin>
         <ymin>171</ymin>
         <xmax>271</xmax>
         <ymax>229</ymax>
      </bndbox>
   </object>
   <object>
      <name>Apple</name>
      <pose>Unspecified</pose>
      <truncated>0</truncated>
      <difficult>0</difficult>
      <bndbox>
         <xmin>277</xmin>
         <ymin>143</ymin>
         <xmax>220</xmax>
         <ymax>206</ymax>
      </bndbox>
   </object>
   <object>
      <name>Apple</name>
      <pose>Unspecified</pose>
      <truncated>0</truncated>
      <difficult>0</difficult>
      <bndbox>
         <xmin>430</xmin>
         <ymin>286</ymin>
         <xmax>367</xmax>
         <ymax>350</ymax>
      </bndbox>
   </object>
   <object>
      <name>Apple</name>
      <pose>Unspecified</pose>
      <truncated>0</truncated>
      <difficult>0</difficult>
      <bndbox>
         <xmin>266</xmin>
         <ymin>235</ymin>
         <xmax>214</xmax>
         <ymax>291</ymax>
      </bndbox>
   </object>
   <object>
      <name>Apple</name>
      <pose>Unspecified</pose>
      <truncated>0</truncated>
      <difficult>0</difficult>
      <bndbox>
         <xmin>689</xmin>
         <ymin>544</ymin>
         <xmax>616</xmax>
         <ymax>609</ymax>
      </bndbox>
   </object>
   <object>
      <name>Apple</name>
      <pose>Unspecified</pose>
      <truncated>0</truncated>
      <difficult>0</difficult>
      <bndbox>
         <xmin>361</xmin>
         <ymin>549</ymin>
         <xmax>294</xmax>
         <ymax>615</ymax>
      </bndbox>
   </object>
   <object>
      <name>Apple</name>
      <pose>Unspecified</pose>
      <truncated>0</truncated>
      <difficult>0</difficult>
      <bndbox>
         <xmin>494</xmin>
         <ymin>621</ymin>
         <xmax>435</xmax>
         <ymax>682</ymax>
      </bndbox>
   </object>
   <object>
      <name>Apple</name>
      <pose>Unspecified</pose>
      <truncated>0</truncated>
      <difficult>0</difficult>
      <bndbox>
         <xmin>554</xmin>
         <ymin>628</ymin>
         <xmax>494</xmax>
         <ymax>687</ymax>
      </bndbox>
   </object>
   <object>
      <name>Apple</name>
      <pose>Unspecified</pose>
      <truncated>0</truncated>
      <difficult>0</difficult>
      <bndbox>
         <xmin>668</xmin>
         <ymin>738</ymin>
         <xmax>608</xmax>
         <ymax>798</ymax>
      </bndbox>
   </object>
   <object>
      <name>Apple</name>
      <pose>Unspecified</pose>
      <truncated>0</truncated>
      <difficult>0</difficult>
      <bndbox>
         <xmin>621</xmin>
         <ymin>707</ymin>
         <xmax>567</xmax>
         <ymax>767</ymax>
      </bndbox>
   </object>
   <object>
      <name>Apple</name>
      <pose>Unspecified</pose>
      <truncated>0</truncated>
      <difficult>0</difficult>
      <bndbox>
         <xmin>377</xmin>
         <ymin>635</ymin>
         <xmax>305</xmax>
         <ymax>702</ymax>
      </bndbox>
   </object>
   <object>
      <name>Apple</name>
      <pose>Unspecified</pose>
      <truncated>0</truncated>
      <difficult>0</difficult>
      <bndbox>
         <xmin>306</xmin>
         <ymin>673</ymin>
         <xmax>238</xmax>
         <ymax>734</ymax>
      </bndbox>
   </object>
   <object>
      <name>Apple</name>
      <pose>Unspecified</pose>
      <truncated>0</truncated>
      <difficult>0</difficult>
      <bndbox>
         <xmin>630</xmin>
         <ymin>1001</ymin>
         <xmax>558</xmax>
         <ymax>1067</ymax>
      </bndbox>
   </object>
   <object>
      <name>Apple</name>
      <pose>Unspecified</pose>
      <truncated>0</truncated>
      <difficult>0</difficult>
      <bndbox>
         <xmin>376</xmin>
         <ymin>928</ymin>
         <xmax>315</xmax>
         <ymax>993</ymax>
      </bndbox>
   </object>
</annotation>