<?xml version="1.0" encoding="utf-8"?>
<annotation>
   <folder>PCDCol-1920 DisThr</folder>
   <filename>horizontal-ImgR1-T48-DisThrRGB.jpg</filename>
   <path>C:/Users/pj/Desktop/苹果标记数据/20181126/PCDCol-1920 DisThr/ImgR1-T48-DisThrRGB.jpg</path>
   <source>
      <database>Unknown</database>
   </source>
   <size>
      <width>1920</width>
      <height>1080</height>
      <depth>3</depth>
   </size>
   <segmented>0</segmented>
   <object>
      <name>Apple</name>
      <pose>Unspecified</pose>
      <truncated>1</truncated>
      <difficult>0</difficult>
      <bndbox>
         <xmin>1240</xmin>
         <ymin>1</ymin>
         <xmax>1171</xmax>
         <ymax>67</ymax>
      </bndbox>
   </object>
   <object>
      <name>Apple</name>
      <pose>Unspecified</pose>
      <truncated>0</truncated>
      <difficult>0</difficult>
      <bndbox>
         <xmin>1005</xmin>
         <ymin>3</ymin>
         <xmax>933</xmax>
         <ymax>63</ymax>
      </bndbox>
   </object>
   <object>
      <name>Apple</name>
      <pose>Unspecified</pose>
      <truncated>0</truncated>
      <difficult>0</difficult>
      <bndbox>
         <xmin>851</xmin>
         <ymin>100</ymin>
         <xmax>797</xmax>
         <ymax>159</ymax>
      </bndbox>
   </object>
   <object>
      <name>Apple</name>
      <pose>Unspecified</pose>
      <truncated>0</truncated>
      <difficult>0</difficult>
      <bndbox>
         <xmin>1486</xmin>
         <ymin>229</ymin>
         <xmax>1425</xmax>
         <ymax>283</ymax>
      </bndbox>
   </object>
   <object>
      <name>Apple</name>
      <pose>Unspecified</pose>
      <truncated>0</truncated>
      <difficult>0</difficult>
      <bndbox>
         <xmin>1332</xmin>
         <ymin>214</ymin>
         <xmax>1268</xmax>
         <ymax>287</ymax>
      </bndbox>
   </object>
   <object>
      <name>Apple</name>
      <pose>Unspecified</pose>
      <truncated>0</truncated>
      <difficult>0</difficult>
      <bndbox>
         <xmin>1256</xmin>
         <ymin>233</ymin>
         <xmax>1192</xmax>
         <ymax>303</ymax>
      </bndbox>
   </object>
   <object>
      <name>Apple</name>
      <pose>Unspecified</pose>
      <truncated>0</truncated>
      <difficult>0</difficult>
      <bndbox>
         <xmin>1194</xmin>
         <ymin>290</ymin>
         <xmax>1134</xmax>
         <ymax>350</ymax>
      </bndbox>
   </object>
   <object>
      <name>Apple</name>
      <pose>Unspecified</pose>
      <truncated>0</truncated>
      <difficult>0</difficult>
      <bndbox>
         <xmin>1195</xmin>
         <ymin>333</ymin>
         <xmax>1137</xmax>
         <ymax>382</ymax>
      </bndbox>
   </object>
   <object>
      <name>Apple</name>
      <pose>Unspecified</pose>
      <truncated>0</truncated>
      <difficult>0</difficult>
      <bndbox>
         <xmin>1140</xmin>
         <ymin>315</ymin>
         <xmax>1080</xmax>
         <ymax>373</ymax>
      </bndbox>
   </object>
   <object>
      <name>Apple</name>
      <pose>Unspecified</pose>
      <truncated>0</truncated>
      <difficult>0</difficult>
      <bndbox>
         <xmin>1006</xmin>
         <ymin>178</ymin>
         <xmax>938</xmax>
         <ymax>254</ymax>
      </bndbox>
   </object>
   <object>
      <name>Apple</name>
      <pose>Unspecified</pose>
      <truncated>0</truncated>
      <difficult>0</difficult>
      <bndbox>
         <xmin>943</xmin>
         <ymin>181</ymin>
         <xmax>878</xmax>
         <ymax>244</ymax>
      </bndbox>
   </object>
   <object>
      <name>Apple</name>
      <pose>Unspecified</pose>
      <truncated>0</truncated>
      <difficult>0</difficult>
      <bndbox>
         <xmin>672</xmin>
         <ymin>228</ymin>
         <xmax>613</xmax>
         <ymax>284</ymax>
      </bndbox>
   </object>
   <object>
      <name>Apple</name>
      <pose>Unspecified</pose>
      <truncated>0</truncated>
      <difficult>0</difficult>
      <bndbox>
         <xmin>1454</xmin>
         <ymin>334</ymin>
         <xmax>1381</xmax>
         <ymax>406</ymax>
      </bndbox>
   </object>
   <object>
      <name>Apple</name>
      <pose>Unspecified</pose>
      <truncated>0</truncated>
      <difficult>0</difficult>
      <bndbox>
         <xmin>1559</xmin>
         <ymin>435</ymin>
         <xmax>1481</xmax>
         <ymax>498</ymax>
      </bndbox>
   </object>
   <object>
      <name>Apple</name>
      <pose>Unspecified</pose>
      <truncated>0</truncated>
      <difficult>0</difficult>
      <bndbox>
         <xmin>1527</xmin>
         <ymin>650</ymin>
         <xmax>1444</xmax>
         <ymax>725</ymax>
      </bndbox>
   </object>
   <object>
      <name>Apple</name>
      <pose>Unspecified</pose>
      <truncated>0</truncated>
      <difficult>0</difficult>
      <bndbox>
         <xmin>1765</xmin>
         <ymin>733</ymin>
         <xmax>1681</xmax>
         <ymax>798</ymax>
      </bndbox>
   </object>
   <object>
      <name>Apple</name>
      <pose>Unspecified</pose>
      <truncated>0</truncated>
      <difficult>0</difficult>
      <bndbox>
         <xmin>1667</xmin>
         <ymin>717</ymin>
         <xmax>1585</xmax>
         <ymax>784</ymax>
      </bndbox>
   </object>
   <object>
      <name>Apple</name>
      <pose>Unspecified</pose>
      <truncated>0</truncated>
      <difficult>0</difficult>
      <bndbox>
         <xmin>1696</xmin>
         <ymin>763</ymin>
         <xmax>1619</xmax>
         <ymax>820</ymax>
      </bndbox>
   </object>
   <object>
      <name>Apple</name>
      <pose>Unspecified</pose>
      <truncated>0</truncated>
      <difficult>0</difficult>
      <bndbox>
         <xmin>1604</xmin>
         <ymin>736</ymin>
         <xmax>1528</xmax>
         <ymax>798</ymax>
      </bndbox>
   </object>
   <object>
      <name>Apple</name>
      <pose>Unspecified</pose>
      <truncated>0</truncated>
      <difficult>0</difficult>
      <bndbox>
         <xmin>1554</xmin>
         <ymin>706</ymin>
         <xmax>1468</xmax>
         <ymax>772</ymax>
      </bndbox>
   </object>
   <object>
      <name>Apple</name>
      <pose>Unspecified</pose>
      <truncated>0</truncated>
      <difficult>0</difficult>
      <bndbox>
         <xmin>1371</xmin>
         <ymin>633</ymin>
         <xmax>1309</xmax>
         <ymax>686</ymax>
      </bndbox>
   </object>
   <object>
      <name>Apple</name>
      <pose>Unspecified</pose>
      <truncated>0</truncated>
      <difficult>0</difficult>
      <bndbox>
         <xmin>1276</xmin>
         <ymin>571</ymin>
         <xmax>1206</xmax>
         <ymax>629</ymax>
      </bndbox>
   </object>
   <object>
      <name>Apple</name>
      <pose>Unspecified</pose>
      <truncated>0</truncated>
      <difficult>0</difficult>
      <bndbox>
         <xmin>1367</xmin>
         <ymin>717</ymin>
         <xmax>1292</xmax>
         <ymax>779</ymax>
      </bndbox>
   </object>
   <object>
      <name>Apple</name>
      <pose>Unspecified</pose>
      <truncated>0</truncated>
      <difficult>0</difficult>
      <bndbox>
         <xmin>1478</xmin>
         <ymin>857</ymin>
         <xmax>1378</xmax>
         <ymax>941</ymax>
      </bndbox>
   </object>
   <object>
      <name>Apple</name>
      <pose>Unspecified</pose>
      <truncated>0</truncated>
      <difficult>0</difficult>
      <bndbox>
         <xmin>1151</xmin>
         <ymin>878</ymin>
         <xmax>1053</xmax>
         <ymax>978</ymax>
      </bndbox>
   </object>
   <object>
      <name>Apple</name>
      <pose>Unspecified</pose>
      <truncated>0</truncated>
      <difficult>0</difficult>
      <bndbox>
         <xmin>1087</xmin>
         <ymin>383</ymin>
         <xmax>1025</xmax>
         <ymax>457</ymax>
      </bndbox>
   </object>
   <object>
      <name>Apple</name>
      <pose>Unspecified</pose>
      <truncated>0</truncated>
      <difficult>0</difficult>
      <bndbox>
         <xmin>982</xmin>
         <ymin>403</ymin>
         <xmax>906</xmax>
         <ymax>477</ymax>
      </bndbox>
   </object>
   <object>
      <name>Apple</name>
      <pose>Unspecified</pose>
      <truncated>0</truncated>
      <difficult>0</difficult>
      <bndbox>
         <xmin>824</xmin>
         <ymin>310</ymin>
         <xmax>759</xmax>
         <ymax>378</ymax>
      </bndbox>
   </object>
   <object>
      <name>Apple</name>
      <pose>Unspecified</pose>
      <truncated>0</truncated>
      <difficult>0</difficult>
      <bndbox>
         <xmin>740</xmin>
         <ymin>309</ymin>
         <xmax>673</xmax>
         <ymax>382</ymax>
      </bndbox>
   </object>
   <object>
      <name>Apple</name>
      <pose>Unspecified</pose>
      <truncated>0</truncated>
      <difficult>0</difficult>
      <bndbox>
         <xmin>463</xmin>
         <ymin>282</ymin>
         <xmax>389</xmax>
         <ymax>360</ymax>
      </bndbox>
   </object>
   <object>
      <name>Apple</name>
      <pose>Unspecified</pose>
      <truncated>0</truncated>
      <difficult>0</difficult>
      <bndbox>
         <xmin>576</xmin>
         <ymin>306</ymin>
         <xmax>510</xmax>
         <ymax>367</ymax>
      </bndbox>
   </object>
   <object>
      <name>Apple</name>
      <pose>Unspecified</pose>
      <truncated>0</truncated>
      <difficult>0</difficult>
      <bndbox>
         <xmin>795</xmin>
         <ymin>605</ymin>
         <xmax>719</xmax>
         <ymax>681</ymax>
      </bndbox>
   </object>
   <object>
      <name>Apple</name>
      <pose>Unspecified</pose>
      <truncated>0</truncated>
      <difficult>0</difficult>
      <bndbox>
         <xmin>723</xmin>
         <ymin>634</ymin>
         <xmax>656</xmax>
         <ymax>697</ymax>
      </bndbox>
   </object>
   <object>
      <name>Apple</name>
      <pose>Unspecified</pose>
      <truncated>0</truncated>
      <difficult>0</difficult>
      <bndbox>
         <xmin>616</xmin>
         <ymin>716</ymin>
         <xmax>534</xmax>
         <ymax>805</ymax>
      </bndbox>
   </object>
   <object>
      <name>Apple</name>
      <pose>Unspecified</pose>
      <truncated>0</truncated>
      <difficult>0</difficult>
      <bndbox>
         <xmin>509</xmin>
         <ymin>771</ymin>
         <xmax>418</xmax>
         <ymax>857</ymax>
      </bndbox>
   </object>
   <object>
      <name>Apple</name>
      <pose>Unspecified</pose>
      <truncated>0</truncated>
      <difficult>0</difficult>
      <bndbox>
         <xmin>446</xmin>
         <ymin>844</ymin>
         <xmax>378</xmax>
         <ymax>921</ymax>
      </bndbox>
   </object>
   <object>
      <name>Apple</name>
      <pose>Unspecified</pose>
      <truncated>0</truncated>
      <difficult>0</difficult>
      <bndbox>
         <xmin>668</xmin>
         <ymin>700</ymin>
         <xmax>615</xmax>
         <ymax>766</ymax>
      </bndbox>
   </object>
   <object>
      <name>Apple</name>
      <pose>Unspecified</pose>
      <truncated>0</truncated>
      <difficult>0</difficult>
      <bndbox>
         <xmin>516</xmin>
         <ymin>835</ymin>
         <xmax>443</xmax>
         <ymax>902</ymax>
      </bndbox>
   </object>
   <object>
      <name>Apple</name>
      <pose>Unspecified</pose>
      <truncated>0</truncated>
      <difficult>0</difficult>
      <bndbox>
         <xmin>1470</xmin>
         <ymin>681</ymin>
         <xmax>1392</xmax>
         <ymax>743</ymax>
      </bndbox>
   </object>
</annotation>