<?xml version="1.0" encoding="utf-8"?>
<annotation>
   <folder>PCDCol-1920 DisThr</folder>
   <filename>horizontal-ImgR1-T5-DisThrRGB.jpg</filename>
   <path>C:/Users/pj/Desktop/苹果标记数据/20181126/PCDCol-1920 DisThr/ImgR1-T5-DisThrRGB.jpg</path>
   <source>
      <database>Unknown</database>
   </source>
   <size>
      <width>1920</width>
      <height>1080</height>
      <depth>3</depth>
   </size>
   <segmented>0</segmented>
   <object>
      <name>Apple</name>
      <pose>Unspecified</pose>
      <truncated>0</truncated>
      <difficult>0</difficult>
      <bndbox>
         <xmin>1719</xmin>
         <ymin>190</ymin>
         <xmax>1628</xmax>
         <ymax>272</ymax>
      </bndbox>
   </object>
   <object>
      <name>Apple</name>
      <pose>Unspecified</pose>
      <truncated>0</truncated>
      <difficult>0</difficult>
      <bndbox>
         <xmin>1291</xmin>
         <ymin>121</ymin>
         <xmax>1196</xmax>
         <ymax>214</ymax>
      </bndbox>
   </object>
   <object>
      <name>Apple</name>
      <pose>Unspecified</pose>
      <truncated>0</truncated>
      <difficult>0</difficult>
      <bndbox>
         <xmin>1763</xmin>
         <ymin>243</ymin>
         <xmax>1695</xmax>
         <ymax>317</ymax>
      </bndbox>
   </object>
   <object>
      <name>Apple</name>
      <pose>Unspecified</pose>
      <truncated>0</truncated>
      <difficult>0</difficult>
      <bndbox>
         <xmin>1757</xmin>
         <ymin>316</ymin>
         <xmax>1678</xmax>
         <ymax>378</ymax>
      </bndbox>
   </object>
   <object>
      <name>Apple</name>
      <pose>Unspecified</pose>
      <truncated>0</truncated>
      <difficult>0</difficult>
      <bndbox>
         <xmin>1439</xmin>
         <ymin>268</ymin>
         <xmax>1373</xmax>
         <ymax>340</ymax>
      </bndbox>
   </object>
   <object>
      <name>Apple</name>
      <pose>Unspecified</pose>
      <truncated>0</truncated>
      <difficult>0</difficult>
      <bndbox>
         <xmin>1397</xmin>
         <ymin>309</ymin>
         <xmax>1337</xmax>
         <ymax>364</ymax>
      </bndbox>
   </object>
   <object>
      <name>Apple</name>
      <pose>Unspecified</pose>
      <truncated>0</truncated>
      <difficult>0</difficult>
      <bndbox>
         <xmin>1177</xmin>
         <ymin>253</ymin>
         <xmax>1113</xmax>
         <ymax>329</ymax>
      </bndbox>
   </object>
   <object>
      <name>Apple</name>
      <pose>Unspecified</pose>
      <truncated>0</truncated>
      <difficult>0</difficult>
      <bndbox>
         <xmin>938</xmin>
         <ymin>166</ymin>
         <xmax>882</xmax>
         <ymax>231</ymax>
      </bndbox>
   </object>
   <object>
      <name>Apple</name>
      <pose>Unspecified</pose>
      <truncated>0</truncated>
      <difficult>0</difficult>
      <bndbox>
         <xmin>695</xmin>
         <ymin>129</ymin>
         <xmax>621</xmax>
         <ymax>200</ymax>
      </bndbox>
   </object>
   <object>
      <name>Apple</name>
      <pose>Unspecified</pose>
      <truncated>0</truncated>
      <difficult>0</difficult>
      <bndbox>
         <xmin>815</xmin>
         <ymin>300</ymin>
         <xmax>752</xmax>
         <ymax>364</ymax>
      </bndbox>
   </object>
   <object>
      <name>Apple</name>
      <pose>Unspecified</pose>
      <truncated>0</truncated>
      <difficult>0</difficult>
      <bndbox>
         <xmin>724</xmin>
         <ymin>245</ymin>
         <xmax>648</xmax>
         <ymax>316</ymax>
      </bndbox>
   </object>
   <object>
      <name>Apple</name>
      <pose>Unspecified</pose>
      <truncated>0</truncated>
      <difficult>0</difficult>
      <bndbox>
         <xmin>463</xmin>
         <ymin>148</ymin>
         <xmax>385</xmax>
         <ymax>210</ymax>
      </bndbox>
   </object>
   <object>
      <name>Apple</name>
      <pose>Unspecified</pose>
      <truncated>0</truncated>
      <difficult>0</difficult>
      <bndbox>
         <xmin>439</xmin>
         <ymin>221</ymin>
         <xmax>357</xmax>
         <ymax>281</ymax>
      </bndbox>
   </object>
   <object>
      <name>Apple</name>
      <pose>Unspecified</pose>
      <truncated>0</truncated>
      <difficult>0</difficult>
      <bndbox>
         <xmin>1119</xmin>
         <ymin>466</ymin>
         <xmax>1043</xmax>
         <ymax>545</ymax>
      </bndbox>
   </object>
   <object>
      <name>Apple</name>
      <pose>Unspecified</pose>
      <truncated>0</truncated>
      <difficult>0</difficult>
      <bndbox>
         <xmin>973</xmin>
         <ymin>441</ymin>
         <xmax>901</xmax>
         <ymax>515</ymax>
      </bndbox>
   </object>
   <object>
      <name>Apple</name>
      <pose>Unspecified</pose>
      <truncated>0</truncated>
      <difficult>0</difficult>
      <bndbox>
         <xmin>1648</xmin>
         <ymin>509</ymin>
         <xmax>1567</xmax>
         <ymax>587</ymax>
      </bndbox>
   </object>
   <object>
      <name>Apple</name>
      <pose>Unspecified</pose>
      <truncated>0</truncated>
      <difficult>0</difficult>
      <bndbox>
         <xmin>1732</xmin>
         <ymin>590</ymin>
         <xmax>1654</xmax>
         <ymax>668</ymax>
      </bndbox>
   </object>
   <object>
      <name>Apple</name>
      <pose>Unspecified</pose>
      <truncated>0</truncated>
      <difficult>0</difficult>
      <bndbox>
         <xmin>1759</xmin>
         <ymin>649</ymin>
         <xmax>1682</xmax>
         <ymax>719</ymax>
      </bndbox>
   </object>
   <object>
      <name>Apple</name>
      <pose>Unspecified</pose>
      <truncated>0</truncated>
      <difficult>0</difficult>
      <bndbox>
         <xmin>1521</xmin>
         <ymin>654</ymin>
         <xmax>1435</xmax>
         <ymax>735</ymax>
      </bndbox>
   </object>
   <object>
      <name>Apple</name>
      <pose>Unspecified</pose>
      <truncated>0</truncated>
      <difficult>0</difficult>
      <bndbox>
         <xmin>1471</xmin>
         <ymin>602</ymin>
         <xmax>1397</xmax>
         <ymax>673</ymax>
      </bndbox>
   </object>
   <object>
      <name>Apple</name>
      <pose>Unspecified</pose>
      <truncated>0</truncated>
      <difficult>0</difficult>
      <bndbox>
         <xmin>1453</xmin>
         <ymin>705</ymin>
         <xmax>1376</xmax>
         <ymax>771</ymax>
      </bndbox>
   </object>
   <object>
      <name>Apple</name>
      <pose>Unspecified</pose>
      <truncated>0</truncated>
      <difficult>0</difficult>
      <bndbox>
         <xmin>1354</xmin>
         <ymin>688</ymin>
         <xmax>1283</xmax>
         <ymax>753</ymax>
      </bndbox>
   </object>
   <object>
      <name>Apple</name>
      <pose>Unspecified</pose>
      <truncated>0</truncated>
      <difficult>0</difficult>
      <bndbox>
         <xmin>1310</xmin>
         <ymin>736</ymin>
         <xmax>1257</xmax>
         <ymax>806</ymax>
      </bndbox>
   </object>
   <object>
      <name>Apple</name>
      <pose>Unspecified</pose>
      <truncated>0</truncated>
      <difficult>0</difficult>
      <bndbox>
         <xmin>1252</xmin>
         <ymin>657</ymin>
         <xmax>1170</xmax>
         <ymax>736</ymax>
      </bndbox>
   </object>
   <object>
      <name>Apple</name>
      <pose>Unspecified</pose>
      <truncated>0</truncated>
      <difficult>0</difficult>
      <bndbox>
         <xmin>1186</xmin>
         <ymin>610</ymin>
         <xmax>1124</xmax>
         <ymax>682</ymax>
      </bndbox>
   </object>
   <object>
      <name>Apple</name>
      <pose>Unspecified</pose>
      <truncated>0</truncated>
      <difficult>0</difficult>
      <bndbox>
         <xmin>1213</xmin>
         <ymin>729</ymin>
         <xmax>1133</xmax>
         <ymax>802</ymax>
      </bndbox>
   </object>
   <object>
      <name>Apple</name>
      <pose>Unspecified</pose>
      <truncated>0</truncated>
      <difficult>0</difficult>
      <bndbox>
         <xmin>1035</xmin>
         <ymin>602</ymin>
         <xmax>957</xmax>
         <ymax>692</ymax>
      </bndbox>
   </object>
   <object>
      <name>Apple</name>
      <pose>Unspecified</pose>
      <truncated>0</truncated>
      <difficult>0</difficult>
      <bndbox>
         <xmin>963</xmin>
         <ymin>688</ymin>
         <xmax>882</xmax>
         <ymax>772</ymax>
      </bndbox>
   </object>
   <object>
      <name>Apple</name>
      <pose>Unspecified</pose>
      <truncated>0</truncated>
      <difficult>0</difficult>
      <bndbox>
         <xmin>1168</xmin>
         <ymin>886</ymin>
         <xmax>1090</xmax>
         <ymax>958</ymax>
      </bndbox>
   </object>
   <object>
      <name>Apple</name>
      <pose>Unspecified</pose>
      <truncated>0</truncated>
      <difficult>0</difficult>
      <bndbox>
         <xmin>1594</xmin>
         <ymin>1011</ymin>
         <xmax>1508</xmax>
         <ymax>1079</ymax>
      </bndbox>
   </object>
   <object>
      <name>Apple</name>
      <pose>Unspecified</pose>
      <truncated>1</truncated>
      <difficult>0</difficult>
      <bndbox>
         <xmin>1205</xmin>
         <ymin>1019</ymin>
         <xmax>1125</xmax>
         <ymax>1080</ymax>
      </bndbox>
   </object>
   <object>
      <name>Apple</name>
      <pose>Unspecified</pose>
      <truncated>0</truncated>
      <difficult>0</difficult>
      <bndbox>
         <xmin>490</xmin>
         <ymin>495</ymin>
         <xmax>411</xmax>
         <ymax>576</ymax>
      </bndbox>
   </object>
   <object>
      <name>Apple</name>
      <pose>Unspecified</pose>
      <truncated>0</truncated>
      <difficult>0</difficult>
      <bndbox>
         <xmin>449</xmin>
         <ymin>566</ymin>
         <xmax>370</xmax>
         <ymax>640</ymax>
      </bndbox>
   </object>
   <object>
      <name>Apple</name>
      <pose>Unspecified</pose>
      <truncated>0</truncated>
      <difficult>0</difficult>
      <bndbox>
         <xmin>499</xmin>
         <ymin>629</ymin>
         <xmax>423</xmax>
         <ymax>701</ymax>
      </bndbox>
   </object>
   <object>
      <name>Apple</name>
      <pose>Unspecified</pose>
      <truncated>0</truncated>
      <difficult>0</difficult>
      <bndbox>
         <xmin>311</xmin>
         <ymin>666</ymin>
         <xmax>242</xmax>
         <ymax>734</ymax>
      </bndbox>
   </object>
   <object>
      <name>Apple</name>
      <pose>Unspecified</pose>
      <truncated>0</truncated>
      <difficult>0</difficult>
      <bndbox>
         <xmin>692</xmin>
         <ymin>688</ymin>
         <xmax>637</xmax>
         <ymax>755</ymax>
      </bndbox>
   </object>
   <object>
      <name>Apple</name>
      <pose>Unspecified</pose>
      <truncated>0</truncated>
      <difficult>0</difficult>
      <bndbox>
         <xmin>751</xmin>
         <ymin>884</ymin>
         <xmax>682</xmax>
         <ymax>941</ymax>
      </bndbox>
   </object>
   <object>
      <name>Apple</name>
      <pose>Unspecified</pose>
      <truncated>0</truncated>
      <difficult>0</difficult>
      <bndbox>
         <xmin>692</xmin>
         <ymin>883</ymin>
         <xmax>634</xmax>
         <ymax>947</ymax>
      </bndbox>
   </object>
</annotation>