<?xml version="1.0" encoding="utf-8"?>
<annotation>
   <folder>PCDCol-1920 DisThr</folder>
   <filename>horizontal-ImgR1-T35-DisThrRGB.jpg</filename>
   <path>C:/Users/pj/Desktop/苹果标记数据/20181126/PCDCol-1920 DisThr/ImgR1-T35-DisThrRGB.jpg</path>
   <source>
      <database>Unknown</database>
   </source>
   <size>
      <width>1920</width>
      <height>1080</height>
      <depth>3</depth>
   </size>
   <segmented>0</segmented>
   <object>
      <name>Apple</name>
      <pose>Unspecified</pose>
      <truncated>0</truncated>
      <difficult>0</difficult>
      <bndbox>
         <xmin>1659</xmin>
         <ymin>124</ymin>
         <xmax>1567</xmax>
         <ymax>220</ymax>
      </bndbox>
   </object>
   <object>
      <name>Apple</name>
      <pose>Unspecified</pose>
      <truncated>0</truncated>
      <difficult>0</difficult>
      <bndbox>
         <xmin>1687</xmin>
         <ymin>288</ymin>
         <xmax>1608</xmax>
         <ymax>357</ymax>
      </bndbox>
   </object>
   <object>
      <name>Apple</name>
      <pose>Unspecified</pose>
      <truncated>0</truncated>
      <difficult>0</difficult>
      <bndbox>
         <xmin>1732</xmin>
         <ymin>329</ymin>
         <xmax>1636</xmax>
         <ymax>414</ymax>
      </bndbox>
   </object>
   <object>
      <name>Apple</name>
      <pose>Unspecified</pose>
      <truncated>0</truncated>
      <difficult>0</difficult>
      <bndbox>
         <xmin>1547</xmin>
         <ymin>388</ymin>
         <xmax>1465</xmax>
         <ymax>477</ymax>
      </bndbox>
   </object>
   <object>
      <name>Apple</name>
      <pose>Unspecified</pose>
      <truncated>0</truncated>
      <difficult>0</difficult>
      <bndbox>
         <xmin>1465</xmin>
         <ymin>368</ymin>
         <xmax>1372</xmax>
         <ymax>455</ymax>
      </bndbox>
   </object>
   <object>
      <name>Apple</name>
      <pose>Unspecified</pose>
      <truncated>0</truncated>
      <difficult>0</difficult>
      <bndbox>
         <xmin>1361</xmin>
         <ymin>541</ymin>
         <xmax>1296</xmax>
         <ymax>606</ymax>
      </bndbox>
   </object>
   <object>
      <name>Apple</name>
      <pose>Unspecified</pose>
      <truncated>0</truncated>
      <difficult>0</difficult>
      <bndbox>
         <xmin>1642</xmin>
         <ymin>550</ymin>
         <xmax>1558</xmax>
         <ymax>626</ymax>
      </bndbox>
   </object>
   <object>
      <name>Apple</name>
      <pose>Unspecified</pose>
      <truncated>0</truncated>
      <difficult>0</difficult>
      <bndbox>
         <xmin>1189</xmin>
         <ymin>53</ymin>
         <xmax>1123</xmax>
         <ymax>125</ymax>
      </bndbox>
   </object>
   <object>
      <name>Apple</name>
      <pose>Unspecified</pose>
      <truncated>0</truncated>
      <difficult>0</difficult>
      <bndbox>
         <xmin>1248</xmin>
         <ymin>229</ymin>
         <xmax>1159</xmax>
         <ymax>320</ymax>
      </bndbox>
   </object>
   <object>
      <name>Apple</name>
      <pose>Unspecified</pose>
      <truncated>0</truncated>
      <difficult>0</difficult>
      <bndbox>
         <xmin>1027</xmin>
         <ymin>143</ymin>
         <xmax>935</xmax>
         <ymax>255</ymax>
      </bndbox>
   </object>
   <object>
      <name>Apple</name>
      <pose>Unspecified</pose>
      <truncated>0</truncated>
      <difficult>0</difficult>
      <bndbox>
         <xmin>1027</xmin>
         <ymin>225</ymin>
         <xmax>938</xmax>
         <ymax>311</ymax>
      </bndbox>
   </object>
   <object>
      <name>Apple</name>
      <pose>Unspecified</pose>
      <truncated>0</truncated>
      <difficult>0</difficult>
      <bndbox>
         <xmin>778</xmin>
         <ymin>120</ymin>
         <xmax>685</xmax>
         <ymax>219</ymax>
      </bndbox>
   </object>
   <object>
      <name>Apple</name>
      <pose>Unspecified</pose>
      <truncated>0</truncated>
      <difficult>0</difficult>
      <bndbox>
         <xmin>890</xmin>
         <ymin>291</ymin>
         <xmax>832</xmax>
         <ymax>354</ymax>
      </bndbox>
   </object>
   <object>
      <name>Apple</name>
      <pose>Unspecified</pose>
      <truncated>0</truncated>
      <difficult>0</difficult>
      <bndbox>
         <xmin>930</xmin>
         <ymin>310</ymin>
         <xmax>878</xmax>
         <ymax>363</ymax>
      </bndbox>
   </object>
   <object>
      <name>Apple</name>
      <pose>Unspecified</pose>
      <truncated>0</truncated>
      <difficult>0</difficult>
      <bndbox>
         <xmin>439</xmin>
         <ymin>177</ymin>
         <xmax>365</xmax>
         <ymax>249</ymax>
      </bndbox>
   </object>
   <object>
      <name>Apple</name>
      <pose>Unspecified</pose>
      <truncated>0</truncated>
      <difficult>0</difficult>
      <bndbox>
         <xmin>619</xmin>
         <ymin>238</ymin>
         <xmax>525</xmax>
         <ymax>325</ymax>
      </bndbox>
   </object>
   <object>
      <name>Apple</name>
      <pose>Unspecified</pose>
      <truncated>0</truncated>
      <difficult>0</difficult>
      <bndbox>
         <xmin>587</xmin>
         <ymin>709</ymin>
         <xmax>502</xmax>
         <ymax>798</ymax>
      </bndbox>
   </object>
   <object>
      <name>Apple</name>
      <pose>Unspecified</pose>
      <truncated>0</truncated>
      <difficult>0</difficult>
      <bndbox>
         <xmin>1253</xmin>
         <ymin>790</ymin>
         <xmax>1176</xmax>
         <ymax>859</ymax>
      </bndbox>
   </object>
   <object>
      <name>Apple</name>
      <pose>Unspecified</pose>
      <truncated>0</truncated>
      <difficult>0</difficult>
      <bndbox>
         <xmin>906</xmin>
         <ymin>749</ymin>
         <xmax>827</xmax>
         <ymax>841</ymax>
      </bndbox>
   </object>
</annotation>